frame_number,timestamp,class,confidence,x1,y1,x2,y2
6,20250525_212152_920,Bad-Seed,0.325,129.63,0.0,640.0,349.23
9,20250525_212153_123,Bad-Seed,0.806,134.5,0.2,640.0,303.34
9,20250525_212153_123,Bad-Seed,0.389,0.0,99.46,536.96,479.52
12,20250525_212153_273,Bad-Seed,0.51,0.18,99.09,391.13,480.0
12,20250525_212153_273,Bad-Seed,0.399,0.65,101.46,559.56,480.0
12,20250525_212153_273,Bad-Seed,0.393,135.12,0.49,640.0,374.72
15,20250525_212153_443,Bad-Seed,0.668,0.0,96.18,540.09,479.89
15,20250525_212153_443,Bad-Seed,0.531,136.79,0.0,640.0,372.2
18,20250525_212153_622,Bad-Seed,0.464,0.0,94.9,535.06,479.81
18,20250525_212153_622,Bad-Seed,0.445,136.86,0.0,640.0,393.76
21,20250525_212153_811,Bad-Seed,0.355,128.98,0.0,640.0,391.61
27,20250525_212154_176,Bad-Seed,0.756,281.54,385.82,639.94,479.96
27,20250525_212154_176,Bad-Seed,0.311,24.26,0.0,640.0,454.67
33,20250525_212154_534,Bad-Seed,0.315,0.0,0.03,284.87,96.42
36,20250525_212154_722,Bad-Seed,0.296,0.0,0.02,290.87,95.61
51,20250525_212155_626,Bad-Seed,0.274,64.38,0.0,640.0,425.21
57,20250525_212156_088,Bad-Seed,0.443,74.44,0.0,640.0,399.78
66,20250525_212156_657,Bad-Seed,0.776,73.93,0.0,640.0,420.82
69,20250525_212156_823,Bad-Seed,0.779,78.92,0.0,640.0,416.23
72,20250525_212157_066,Bad-Seed,0.673,75.76,0.0,640.0,421.12
75,20250525_212157_232,Bad-Seed,0.393,71.93,0.0,640.0,430.8
78,20250525_212157_407,Bad-Seed,0.718,67.79,0.0,640.0,423.05
81,20250525_212157_602,Bad-Seed,0.625,70.62,0.0,640.0,423.06
84,20250525_212157_782,Bad-Seed,0.817,66.59,0.0,640.0,398.59
87,20250525_212157_956,Bad-Seed,0.673,97.47,0.0,640.0,405.32
90,20250525_212158_149,Bad-Seed,0.411,66.29,0.0,640.0,407.0
93,20250525_212158_323,Bad-Seed,0.604,52.74,0.0,638.87,384.27
96,20250525_212158_499,Bad-Seed,0.536,73.67,0.0,640.0,368.38
99,20250525_212158_677,Bad-Seed,0.409,83.48,0.0,640.0,358.97
102,20250525_212158_865,Bad-Seed,0.382,129.52,0.0,640.0,393.35
105,20250525_212159_045,Bad-Seed,0.594,128.62,0.0,640.0,390.71
108,20250525_212159_218,Bad-Seed,0.49,129.94,0.0,640.0,396.94
108,20250525_212159_218,Bad-Seed,0.291,23.48,83.04,640.0,480.0
111,20250525_212159_413,Bad-Seed,0.479,128.39,0.0,640.0,394.63
117,20250525_212159_764,Bad-Seed,0.695,0.39,80.66,546.51,478.38
120,20250525_212159_966,Bad-Seed,0.752,0.62,81.55,547.68,478.62
123,20250525_212200_130,Bad-Seed,0.806,0.52,82.18,545.77,479.17
126,20250525_212200_320,Bad-Seed,0.8,0.11,82.87,505.28,478.93
129,20250525_212200_481,Bad-Seed,0.842,0.23,85.0,535.31,479.04
132,20250525_212200_672,Bad-Seed,0.719,0.0,91.58,547.02,478.32
135,20250525_212200_863,Bad-Seed,0.651,0.0,102.06,519.69,479.54
138,20250525_212201_038,Bad-Seed,0.828,0.0,107.37,503.52,479.78
141,20250525_212201_230,Bad-Seed,0.771,0.0,105.51,538.05,479.33
144,20250525_212201_388,Bad-Seed,0.772,0.0,111.7,522.67,479.44
147,20250525_212201_579,Bad-Seed,0.779,0.0,109.45,521.26,479.45
150,20250525_212201_754,Bad-Seed,0.742,0.0,100.39,554.97,479.13
153,20250525_212201_951,Bad-Seed,0.654,0.0,129.23,556.03,479.88
156,20250525_212202_126,Bad-Seed,0.548,0.33,111.56,548.94,477.76
171,20250525_212203_019,Bad-Seed,0.353,0.13,0.0,264.28,51.26
177,20250525_212203_386,Bad-Seed,0.49,1.07,34.38,568.51,480.0
180,20250525_212203_557,Bad-Seed,0.429,0.81,26.68,534.86,480.0
183,20250525_212203_755,Bad-Seed,0.791,0.12,98.9,326.46,479.37
183,20250525_212203_755,Bad-Seed,0.658,0.28,18.74,413.63,480.0
186,20250525_212203_933,Bad-Seed,0.391,1.01,38.91,577.72,480.0
189,20250525_212204_110,Bad-Seed,0.252,0.24,89.19,531.9,430.12
192,20250525_212204_302,Bad-Seed,0.398,100.42,0.0,640.0,330.9
207,20250525_212205_196,Bad-Seed,0.77,0.08,2.56,226.3,422.93
210,20250525_212205_375,Bad-Seed,0.874,0.0,0.0,263.03,443.6
213,20250525_212205_564,Bad-Seed,0.691,0.25,0.0,295.4,480.0
216,20250525_212205_740,Bad-Seed,0.897,0.0,1.27,309.97,479.25
216,20250525_212205_740,Bad-Seed,0.368,82.25,0.0,640.0,421.95
219,20250525_212205_916,Bad-Seed,0.897,0.0,27.18,390.45,480.0
219,20250525_212205_916,Bad-Seed,0.516,174.81,0.0,640.0,480.0
222,20250525_212206_096,Bad-Seed,0.789,0.0,2.46,383.28,480.0
222,20250525_212206_096,Bad-Seed,0.731,409.92,0.0,640.0,480.0
222,20250525_212206_096,Bad-Seed,0.259,179.3,0.0,640.0,480.0
225,20250525_212206_286,Bad-Seed,0.901,0.62,94.69,437.99,480.0
225,20250525_212206_286,Bad-Seed,0.828,429.83,54.43,639.98,480.0
225,20250525_212206_286,Bad-Seed,0.756,319.97,58.56,640.0,480.0
225,20250525_212206_286,Bad-Seed,0.604,208.71,25.97,640.0,480.0
228,20250525_212206_457,Bad-Seed,0.867,1.01,104.49,459.8,478.68
228,20250525_212206_457,Bad-Seed,0.633,372.87,76.16,640.0,480.0
228,20250525_212206_457,Bad-Seed,0.386,459.35,82.95,640.0,480.0
231,20250525_212206_646,Bad-Seed,0.909,0.05,98.02,432.01,479.86
231,20250525_212206_646,Bad-Seed,0.878,408.02,109.77,640.0,480.0
234,20250525_212206_831,Bad-Seed,0.916,1.21,108.61,457.28,479.43
234,20250525_212206_831,Bad-Seed,0.76,402.62,165.98,639.95,479.39
234,20250525_212206_831,Bad-Seed,0.29,0.28,0.0,481.74,363.71
237,20250525_212207_004,Bad-Seed,0.918,0.59,90.26,448.92,478.93
237,20250525_212207_004,Bad-Seed,0.897,398.73,157.71,639.94,479.65
240,20250525_212207_177,Bad-Seed,0.91,1.02,103.83,475.6,479.21
240,20250525_212207_177,Bad-Seed,0.632,409.7,200.2,639.98,479.44
243,20250525_212207_357,Bad-Seed,0.898,0.05,91.48,448.78,479.23
243,20250525_212207_357,Bad-Seed,0.705,408.18,200.52,639.92,480.0
246,20250525_212207_545,Bad-Seed,0.878,0.17,93.54,461.86,479.84
246,20250525_212207_545,Good-Seed,0.552,425.54,238.83,639.92,480.0
246,20250525_212207_545,Bad-Seed,0.486,425.37,238.93,639.93,480.0
249,20250525_212207_726,Bad-Seed,0.868,0.01,111.54,524.89,480.0
249,20250525_212207_726,Bad-Seed,0.362,423.97,331.38,640.0,480.0
252,20250525_212207_901,Bad-Seed,0.483,0.0,89.15,551.56,478.75
255,20250525_212208_094,Bad-Seed,0.834,0.23,82.04,488.62,478.55
261,20250525_212208_447,Bad-Seed,0.502,0.0,80.85,576.61,480.0
282,20250525_212209_702,Bad-Seed,0.345,92.83,0.0,640.0,392.96
294,20250525_212210_426,Bad-Seed,0.283,0.09,81.16,540.6,479.25
309,20250525_212211_334,Bad-Seed,0.321,0.64,84.02,549.39,480.0
315,20250525_212211_694,Bad-Seed,0.62,0.17,82.86,553.76,480.0
318,20250525_212211_880,Bad-Seed,0.652,0.0,81.0,554.09,480.0
321,20250525_212212_061,Bad-Seed,0.776,0.01,77.49,538.19,480.0
333,20250525_212212_781,Bad-Seed,0.586,0.62,89.12,560.01,478.65
333,20250525_212212_781,Bad-Seed,0.355,100.54,39.31,640.0,390.74
336,20250525_212212_965,Bad-Seed,0.847,1.29,117.52,545.62,478.88
339,20250525_212213_145,Bad-Seed,0.769,0.14,162.97,551.57,479.11
339,20250525_212213_145,Bad-Seed,0.661,0.25,0.0,368.15,451.13
339,20250525_212213_145,Bad-Seed,0.316,0.64,0.0,507.59,408.45
339,20250525_212213_145,Bad-Seed,0.31,183.58,0.14,640.0,257.57
342,20250525_212213_328,Bad-Seed,0.7,0.0,173.75,549.14,478.25
342,20250525_212213_328,Bad-Seed,0.699,0.29,0.0,386.0,442.99
342,20250525_212213_328,Bad-Seed,0.608,183.65,0.0,640.0,257.97
342,20250525_212213_328,Bad-Seed,0.459,0.25,46.82,478.32,480.0
345,20250525_212213_494,Bad-Seed,0.737,0.16,2.39,391.77,480.0
345,20250525_212213_494,Bad-Seed,0.627,0.0,169.73,514.78,478.5
345,20250525_212213_494,Bad-Seed,0.518,180.36,0.0,640.0,291.9
348,20250525_212213_688,Bad-Seed,0.713,0.21,2.88,400.28,480.0
348,20250525_212213_688,Bad-Seed,0.481,0.0,110.87,512.89,478.48
348,20250525_212213_688,Bad-Seed,0.469,185.71,0.0,640.0,257.34
351,20250525_212213_864,Bad-Seed,0.696,0.45,1.46,412.42,451.09
351,20250525_212213_864,Bad-Seed,0.504,0.0,110.2,518.1,478.68
351,20250525_212213_864,Bad-Seed,0.351,176.27,0.0,640.0,318.95
354,20250525_212214_042,Bad-Seed,0.622,0.43,0.0,379.87,461.66
354,20250525_212214_042,Bad-Seed,0.482,0.0,94.57,522.1,478.11
357,20250525_212214_239,Bad-Seed,0.621,0.0,3.78,338.07,480.0
357,20250525_212214_239,Bad-Seed,0.534,1.5,48.54,475.55,480.0
357,20250525_212214_239,Bad-Seed,0.468,162.16,1.61,640.0,371.84
360,20250525_212214_414,Bad-Seed,0.546,0.17,50.24,513.66,480.0
363,20250525_212214_588,Bad-Seed,0.829,158.88,3.33,640.0,398.21
363,20250525_212214_588,Bad-Seed,0.726,310.0,395.61,639.72,479.85
363,20250525_212214_588,Bad-Seed,0.304,0.01,34.07,536.06,480.0
366,20250525_212214_764,Bad-Seed,0.685,209.17,331.15,640.0,480.0
366,20250525_212214_764,Bad-Seed,0.298,204.72,426.86,416.49,480.0
369,20250525_212214_960,Bad-Seed,0.916,250.91,294.78,640.0,480.0
372,20250525_212215_135,Bad-Seed,0.799,230.44,334.3,640.0,480.0
375,20250525_212215_308,Bad-Seed,0.474,328.61,415.19,639.74,480.0
375,20250525_212215_308,Bad-Seed,0.469,2.13,72.57,547.54,479.94
375,20250525_212215_308,Bad-Seed,0.428,454.6,423.43,640.0,480.0
378,20250525_212215_499,Bad-Seed,0.282,1.58,73.49,581.64,479.66
381,20250525_212215_675,Bad-Seed,0.322,1.99,70.44,560.65,479.84
384,20250525_212215_855,Bad-Seed,0.556,2.03,31.7,514.67,480.0
387,20250525_212216_028,Bad-Seed,0.489,1.29,34.26,543.95,480.0
390,20250525_212216_223,Bad-Seed,0.598,294.75,0.0,640.0,462.14
390,20250525_212216_223,Bad-Seed,0.518,185.09,1.22,640.0,395.5
390,20250525_212216_223,Bad-Seed,0.422,1.32,31.24,528.7,480.0
393,20250525_212216_394,Bad-Seed,0.599,285.84,0.0,640.0,480.0
393,20250525_212216_394,Bad-Seed,0.386,1.57,35.09,506.29,480.0
396,20250525_212216_571,Bad-Seed,0.48,295.04,0.0,640.0,480.0
399,20250525_212216_765,Bad-Seed,0.268,2.33,70.71,553.0,479.72
405,20250525_212217_114,Bad-Seed,0.358,2.29,69.92,502.92,480.0
417,20250525_212217_837,Bad-Seed,0.312,1.61,71.69,569.96,480.0
420,20250525_212218_030,Bad-Seed,0.377,1.56,70.89,577.4,479.75
423,20250525_212218_206,Bad-Seed,0.377,1.49,70.49,571.46,479.74
426,20250525_212218_381,Bad-Seed,0.382,1.52,70.85,553.18,479.92
429,20250525_212218_564,Bad-Seed,0.345,1.42,70.96,549.51,480.0
432,20250525_212218_748,Bad-Seed,0.374,1.94,70.89,552.16,480.0
435,20250525_212218_920,Bad-Seed,0.466,108.25,252.45,640.0,479.81
435,20250525_212218_920,Bad-Seed,0.265,1.69,71.98,575.93,480.0
438,20250525_212219_102,Bad-Seed,0.686,71.88,247.46,640.0,479.9
441,20250525_212219_292,Bad-Seed,0.32,0.91,72.51,563.67,479.45
441,20250525_212219_292,Bad-Seed,0.301,338.97,444.21,639.55,479.96
444,20250525_212219_469,Bad-Seed,0.415,1.99,72.03,521.64,479.78
447,20250525_212219_638,Bad-Seed,0.354,2.01,71.14,527.92,479.47
450,20250525_212219_832,Bad-Seed,0.358,1.71,72.11,540.86,479.39
453,20250525_212220_015,Bad-Seed,0.272,1.86,73.35,569.63,480.0
459,20250525_212220_359,Bad-Seed,0.309,1.94,50.88,494.86,480.0
462,20250525_212220_555,Bad-Seed,0.677,219.6,0.97,640.0,370.84
462,20250525_212220_555,Bad-Seed,0.36,1.74,44.23,483.42,480.0
465,20250525_212220_735,Bad-Seed,0.642,219.84,0.11,640.0,366.17
465,20250525_212220_735,Bad-Seed,0.576,1.61,43.81,498.75,480.0
468,20250525_212220_908,Bad-Seed,0.386,2.09,74.13,575.02,479.24
468,20250525_212220_908,Bad-Seed,0.28,214.1,0.22,640.0,408.94
471,20250525_212221_102,Bad-Seed,0.539,2.17,72.78,535.28,479.59
474,20250525_212221_275,Bad-Seed,0.503,73.75,200.13,639.63,479.83
474,20250525_212221_275,Bad-Seed,0.359,1.32,43.96,544.95,480.0
477,20250525_212221_452,Bad-Seed,0.368,1.19,39.97,549.58,480.0
477,20250525_212221_452,Bad-Seed,0.286,123.29,216.6,640.0,480.0
480,20250525_212221_646,Bad-Seed,0.309,74.0,223.57,640.0,479.92
483,20250525_212221_812,Bad-Seed,0.373,1.77,72.6,541.18,479.29
486,20250525_212221_996,Bad-Seed,0.49,130.13,230.94,640.0,480.0
489,20250525_212222_167,Bad-Seed,0.371,1.74,76.19,550.36,479.75
492,20250525_212222_364,Bad-Seed,0.325,1.63,45.51,529.06,480.0
495,20250525_212222_540,Bad-Seed,0.555,1.84,37.68,536.79,480.0
498,20250525_212222_724,Bad-Seed,0.508,2.13,36.46,506.06,480.0
501,20250525_212222_911,Bad-Seed,0.499,1.78,37.96,498.05,480.0
504,20250525_212223_082,Bad-Seed,0.476,1.68,47.42,523.55,480.0
507,20250525_212223_263,Bad-Seed,0.383,2.11,74.99,551.61,479.34
510,20250525_212223_437,Bad-Seed,0.612,1.53,70.27,564.48,479.13
516,20250525_212223_806,Bad-Seed,0.388,1.9,72.61,568.18,479.76
519,20250525_212223_981,Bad-Seed,0.353,1.56,69.06,573.3,479.93
522,20250525_212224_168,Bad-Seed,0.39,1.76,70.62,561.15,479.6
525,20250525_212224_343,Bad-Seed,0.467,1.81,68.67,567.8,479.98
528,20250525_212224_525,Bad-Seed,0.433,111.18,223.17,640.0,479.86
528,20250525_212224_525,Bad-Seed,0.398,1.6,70.77,570.59,479.39
531,20250525_212224_699,Bad-Seed,0.397,1.82,74.05,573.05,479.5
534,20250525_212224_893,Bad-Seed,0.267,1.46,45.03,514.77,480.0
537,20250525_212225_070,Bad-Seed,0.529,0.3,0.0,465.7,480.0
537,20250525_212225_070,Bad-Seed,0.278,217.5,0.0,640.0,265.15
540,20250525_212225_244,Bad-Seed,0.455,0.63,0.0,494.66,480.0
540,20250525_212225_244,Bad-Seed,0.313,15.62,217.53,638.02,479.77
543,20250525_212225_429,Bad-Seed,0.306,0.53,0.0,476.03,480.0
546,20250525_212225_610,Bad-Seed,0.67,11.34,229.87,637.74,480.0
549,20250525_212225_792,Bad-Seed,0.389,4.75,234.35,595.24,479.66
552,20250525_212225_982,Bad-Seed,0.405,11.16,247.22,626.53,479.66
555,20250525_212226_156,Bad-Seed,0.653,6.86,250.55,587.15,479.55
558,20250525_212226_334,Bad-Seed,0.73,4.31,247.21,573.09,479.7
573,20250525_212227_241,Bad-Seed,0.601,12.66,250.8,640.0,479.66
576,20250525_212227_422,Bad-Seed,0.804,14.89,250.93,631.52,479.64
579,20250525_212227_599,Bad-Seed,0.546,10.79,250.79,618.34,479.62
582,20250525_212227_773,Bad-Seed,0.868,4.0,247.57,630.35,479.65
585,20250525_212227_967,Bad-Seed,0.831,5.04,236.0,631.13,479.62
588,20250525_212228_137,Bad-Seed,0.71,0.89,228.93,637.38,479.69
591,20250525_212228_315,Bad-Seed,0.76,0.0,222.83,640.0,478.43
594,20250525_212228_507,Bad-Seed,0.766,0.0,244.89,640.0,478.17
594,20250525_212228_507,Bad-Seed,0.307,0.0,0.0,580.02,397.35
597,20250525_212228_687,Bad-Seed,0.773,0.0,222.71,638.64,479.24
600,20250525_212228_863,Bad-Seed,0.874,0.0,194.03,620.27,480.0
600,20250525_212228_863,Bad-Seed,0.533,0.95,78.32,564.12,479.05
603,20250525_212229_038,Bad-Seed,0.836,0.0,164.71,617.86,480.0
603,20250525_212229_038,Bad-Seed,0.577,0.0,0.0,466.65,480.0
606,20250525_212229_232,Bad-Seed,0.63,0.0,1.03,472.31,480.0
606,20250525_212229_232,Bad-Seed,0.51,0.0,150.06,635.67,479.64
609,20250525_212229_400,Bad-Seed,0.788,0.11,2.61,488.66,480.0
609,20250525_212229_400,Bad-Seed,0.759,0.0,150.77,640.0,479.51
612,20250525_212229_573,Bad-Seed,0.798,0.15,2.48,484.97,480.0
612,20250525_212229_573,Bad-Seed,0.7,0.0,148.8,640.0,479.5
615,20250525_212229_772,Bad-Seed,0.795,0.0,147.16,640.0,480.0
615,20250525_212229_772,Bad-Seed,0.606,0.02,3.7,512.08,480.0
618,20250525_212229_951,Bad-Seed,0.703,0.5,0.0,433.77,454.15
618,20250525_212229_951,Bad-Seed,0.653,0.0,143.69,640.0,480.0
621,20250525_212230_127,Bad-Seed,0.707,0.0,144.5,640.0,480.0
621,20250525_212230_127,Bad-Seed,0.588,0.44,0.05,439.59,455.44
624,20250525_212230_317,Bad-Seed,0.755,0.0,146.94,640.0,480.0
624,20250525_212230_317,Bad-Seed,0.678,0.48,0.0,432.72,455.54
627,20250525_212230_488,Bad-Seed,0.678,0.57,0.1,430.24,454.67
627,20250525_212230_488,Bad-Seed,0.629,0.0,147.4,640.0,480.0
630,20250525_212230_670,Bad-Seed,0.681,0.35,2.44,435.02,480.0
630,20250525_212230_670,Bad-Seed,0.672,0.0,146.47,640.0,480.0
633,20250525_212230_836,Bad-Seed,0.68,0.46,0.21,427.37,455.81
633,20250525_212230_836,Bad-Seed,0.601,0.0,145.01,640.0,480.0
636,20250525_212231_036,Bad-Seed,0.754,0.0,140.5,640.0,480.0
636,20250525_212231_036,Bad-Seed,0.574,0.44,0.21,430.02,459.55
636,20250525_212231_036,Bad-Seed,0.274,1.06,95.37,500.35,480.0
639,20250525_212231_213,Bad-Seed,0.711,0.48,0.18,421.53,456.39
639,20250525_212231_213,Bad-Seed,0.607,0.0,140.37,640.0,480.0
642,20250525_212231_386,Bad-Seed,0.685,0.5,0.41,418.84,456.38
642,20250525_212231_386,Bad-Seed,0.595,0.0,146.02,640.0,480.0
645,20250525_212231_580,Bad-Seed,0.693,0.49,0.36,423.58,455.52
645,20250525_212231_580,Bad-Seed,0.582,0.0,145.25,640.0,480.0
648,20250525_212231_760,Bad-Seed,0.709,0.51,0.32,421.98,458.45
648,20250525_212231_760,Bad-Seed,0.536,0.63,145.29,560.38,480.0
651,20250525_212231_932,Bad-Seed,0.673,0.49,0.23,425.99,458.71
651,20250525_212231_932,Bad-Seed,0.386,0.47,146.59,566.06,480.0
654,20250525_212232_106,Bad-Seed,0.478,0.39,0.0,456.01,456.33
654,20250525_212232_106,Bad-Seed,0.414,1.25,148.45,543.37,480.0
657,20250525_212232_294,Bad-Seed,0.77,0.0,169.98,598.94,480.0
657,20250525_212232_294,Bad-Seed,0.477,0.61,55.73,508.91,480.0
660,20250525_212232_477,Bad-Seed,0.62,0.39,48.34,454.46,480.0
660,20250525_212232_477,Bad-Seed,0.316,220.53,0.0,640.0,416.1
663,20250525_212232_652,Bad-Seed,0.428,0.42,43.84,474.56,480.0
666,20250525_212232_846,Bad-Seed,0.33,0.47,36.55,456.97,480.0
666,20250525_212232_846,Bad-Seed,0.264,9.98,236.62,640.0,479.75
669,20250525_212233_013,Bad-Seed,0.297,0.5,37.99,455.5,480.0
672,20250525_212233_198,Bad-Seed,0.354,0.41,0.0,467.28,480.0
672,20250525_212233_198,Bad-Seed,0.288,0.0,164.48,640.0,479.26
675,20250525_212233_368,Bad-Seed,0.885,0.0,193.58,635.11,479.86
675,20250525_212233_368,Bad-Seed,0.448,0.72,75.53,560.51,478.99
678,20250525_212233_567,Bad-Seed,0.629,0.0,154.57,622.29,480.0
678,20250525_212233_567,Bad-Seed,0.599,0.79,49.07,555.03,480.0
681,20250525_212233_737,Bad-Seed,0.613,0.0,4.9,506.43,480.0
684,20250525_212233_917,Bad-Seed,0.644,0.0,5.51,512.74,480.0
684,20250525_212233_917,Bad-Seed,0.264,0.0,139.49,640.0,480.0
687,20250525_212234_110,Bad-Seed,0.688,0.0,4.96,501.64,480.0
687,20250525_212234_110,Bad-Seed,0.454,0.0,141.41,640.0,480.0
690,20250525_212234_287,Bad-Seed,0.526,0.15,5.06,519.76,480.0
690,20250525_212234_287,Bad-Seed,0.489,9.5,148.29,640.0,480.0
693,20250525_212234_464,Bad-Seed,0.794,0.6,1.53,496.55,480.0
696,20250525_212234_652,Bad-Seed,0.679,0.83,0.0,482.8,480.0
699,20250525_212234_827,Bad-Seed,0.755,0.71,0.0,471.99,480.0
702,20250525_212234_999,Bad-Seed,0.54,0.26,0.0,469.53,480.0
702,20250525_212234_999,Bad-Seed,0.36,41.6,186.06,640.0,478.64
705,20250525_212235_180,Bad-Seed,0.447,1.59,72.39,553.31,479.94
708,20250525_212235_370,Bad-Seed,0.444,39.84,197.83,638.73,479.72
711,20250525_212235_551,Bad-Seed,0.392,1.06,0.07,514.77,452.7
714,20250525_212235_726,Bad-Seed,0.312,1.67,71.93,581.66,479.71
717,20250525_212235_913,Bad-Seed,0.445,1.01,78.73,576.37,479.24
720,20250525_212236_093,Bad-Seed,0.306,1.05,52.31,535.03,480.0
723,20250525_212236_270,Bad-Seed,0.493,0.23,0.0,512.33,390.23
723,20250525_212236_270,Bad-Seed,0.357,0.51,111.92,638.36,479.24
726,20250525_212236_444,Bad-Seed,0.6,0.71,0.0,438.81,381.01
726,20250525_212236_444,Bad-Seed,0.354,0.46,129.66,504.7,480.0
729,20250525_212236_637,Bad-Seed,0.373,0.19,0.0,400.75,453.78
729,20250525_212236_637,Bad-Seed,0.297,7.91,97.23,640.0,480.0
732,20250525_212236_817,Bad-Seed,0.587,0.45,0.0,521.46,453.07
735,20250525_212236_985,Bad-Seed,0.676,0.87,114.38,512.68,480.0
738,20250525_212237_180,Bad-Seed,0.782,0.28,106.22,591.34,478.3
744,20250525_212237_535,Bad-Seed,0.478,0.0,120.3,505.68,480.0
744,20250525_212237_535,Bad-Seed,0.291,0.0,0.21,472.84,193.43
747,20250525_212237_703,Bad-Seed,0.297,0.0,0.13,345.1,176.31
747,20250525_212237_703,Bad-Seed,0.267,0.0,115.85,498.62,479.95
750,20250525_212237_891,Bad-Seed,0.626,0.0,116.19,467.92,480.0
750,20250525_212237_891,Bad-Seed,0.257,0.0,0.03,326.14,127.62
756,20250525_212238_251,Bad-Seed,0.576,0.0,121.22,454.47,480.0
759,20250525_212238_446,Bad-Seed,0.804,0.05,121.81,388.53,480.0
759,20250525_212238_446,Bad-Seed,0.251,0.0,131.29,559.6,480.0
762,20250525_212238_622,Bad-Seed,0.805,0.0,124.64,542.18,479.47
765,20250525_212238_798,Bad-Seed,0.736,0.0,119.16,440.51,480.0
768,20250525_212238_990,Bad-Seed,0.78,0.0,131.45,540.14,479.19
771,20250525_212239_166,Bad-Seed,0.882,0.0,120.35,488.19,480.0
774,20250525_212239_341,Bad-Seed,0.848,0.0,127.56,423.84,480.0
777,20250525_212239_516,Bad-Seed,0.887,0.0,117.24,512.14,479.87
780,20250525_212239_710,Bad-Seed,0.314,153.56,0.0,640.0,341.42
780,20250525_212239_710,Bad-Seed,0.295,0.0,130.67,576.6,478.78
786,20250525_212240_060,Bad-Seed,0.78,0.0,123.86,537.9,478.87
792,20250525_212240_430,Bad-Seed,0.263,1.59,85.27,499.9,479.18
795,20250525_212240_606,Bad-Seed,0.605,0.36,111.26,522.63,478.39
807,20250525_212241_326,Bad-Seed,0.87,0.0,111.72,506.34,479.39
810,20250525_212241_514,Bad-Seed,0.793,0.0,120.76,541.98,478.71
813,20250525_212241_695,Bad-Seed,0.787,0.0,115.68,511.09,480.0
816,20250525_212241_869,Bad-Seed,0.871,0.0,130.32,481.26,479.48
819,20250525_212242_045,Bad-Seed,0.832,0.06,128.68,488.15,479.76
819,20250525_212242_045,Bad-Seed,0.596,0.31,0.0,444.96,459.71
822,20250525_212242_235,Bad-Seed,0.769,0.33,125.35,495.13,479.73
825,20250525_212242_413,Bad-Seed,0.667,0.85,55.83,509.38,480.0
825,20250525_212242_413,Bad-Seed,0.575,1.19,157.62,573.61,479.83
828,20250525_212242_589,Bad-Seed,0.312,0.83,52.06,533.77,480.0
831,20250525_212242_781,Bad-Seed,0.436,1.8,73.18,521.74,479.73
834,20250525_212242_947,Bad-Seed,0.288,1.56,73.31,546.97,478.86
843,20250525_212243_499,Bad-Seed,0.445,0.98,0.0,502.07,478.08
849,20250525_212243_852,Bad-Seed,0.406,0.75,41.92,485.98,480.0
852,20250525_212244_044,Bad-Seed,0.429,1.32,78.2,536.73,480.0
855,20250525_212244_219,Bad-Seed,0.766,0.0,188.58,563.98,479.09
855,20250525_212244_219,Bad-Seed,0.359,0.19,0.0,543.92,437.01
858,20250525_212244_397,Bad-Seed,0.666,0.0,178.34,531.58,478.27
858,20250525_212244_397,Bad-Seed,0.624,0.08,0.02,487.32,456.37
861,20250525_212244_590,Bad-Seed,0.719,0.0,178.32,533.62,477.86
861,20250525_212244_590,Bad-Seed,0.308,0.34,0.0,435.47,480.0
864,20250525_212244_766,Bad-Seed,0.574,0.35,0.0,423.28,480.0
864,20250525_212244_766,Bad-Seed,0.405,221.7,0.0,640.0,385.14
864,20250525_212244_766,Bad-Seed,0.378,0.18,150.94,533.46,478.25
867,20250525_212244_937,Bad-Seed,0.407,0.23,0.0,518.56,480.0
870,20250525_212245_116,Bad-Seed,0.31,0.0,0.38,459.15,480.0
873,20250525_212245_308,Bad-Seed,0.269,0.1,0.0,544.68,456.21
876,20250525_212245_481,Bad-Seed,0.27,0.41,0.0,547.73,480.0
879,20250525_212245_658,Bad-Seed,0.676,0.39,179.97,508.54,478.94
879,20250525_212245_658,Bad-Seed,0.338,0.4,0.0,538.71,450.05
882,20250525_212245_850,Bad-Seed,0.764,0.49,180.52,509.4,479.14
882,20250525_212245_850,Bad-Seed,0.446,0.0,73.04,444.41,479.83
885,20250525_212246_028,Bad-Seed,0.684,0.59,158.17,512.33,479.42
885,20250525_212246_028,Bad-Seed,0.497,0.51,0.33,433.68,480.0
888,20250525_212246_208,Bad-Seed,0.719,0.06,190.84,513.05,479.11
888,20250525_212246_208,Bad-Seed,0.554,0.41,0.0,452.23,480.0
891,20250525_212246_383,Bad-Seed,0.386,0.5,1.87,464.58,473.59
894,20250525_212246_574,Bad-Seed,0.329,0.0,60.48,507.72,479.4
897,20250525_212246_752,Bad-Seed,0.524,278.6,444.41,640.0,480.0
897,20250525_212246_752,Bad-Seed,0.381,0.42,87.15,582.23,477.8
900,20250525_212246_922,Bad-Seed,0.794,0.1,118.47,564.92,480.0
900,20250525_212246_922,Bad-Seed,0.291,0.0,0.01,559.09,452.82
903,20250525_212247_118,Bad-Seed,0.579,0.0,0.0,561.03,392.99
903,20250525_212247_118,Bad-Seed,0.564,0.0,70.51,543.89,478.29
906,20250525_212247_291,Bad-Seed,0.423,0.0,69.35,547.97,479.16
906,20250525_212247_291,Bad-Seed,0.411,0.0,0.0,566.21,395.62
909,20250525_212247_467,Bad-Seed,0.694,0.0,0.0,562.77,378.97
909,20250525_212247_467,Bad-Seed,0.385,0.0,75.42,539.75,478.1
912,20250525_212247_661,Bad-Seed,0.615,0.0,80.33,525.21,478.45
912,20250525_212247_661,Bad-Seed,0.577,0.0,0.0,564.32,378.1
915,20250525_212247_837,Bad-Seed,0.608,0.0,85.23,528.25,478.02
915,20250525_212247_837,Bad-Seed,0.571,0.0,0.0,564.85,378.37
918,20250525_212248_015,Bad-Seed,0.573,0.69,111.59,562.98,479.01
918,20250525_212248_015,Bad-Seed,0.477,0.0,0.0,560.06,380.68
921,20250525_212248_188,Bad-Seed,0.641,0.94,103.28,540.13,479.14
921,20250525_212248_188,Bad-Seed,0.575,0.03,0.0,557.81,380.71
924,20250525_212248_383,Bad-Seed,0.547,0.23,0.0,555.73,377.73
924,20250525_212248_383,Bad-Seed,0.463,0.0,77.77,553.34,477.99
927,20250525_212248_558,Bad-Seed,0.724,35.43,121.71,635.43,478.89
927,20250525_212248_558,Good-Seed,0.712,0.0,0.11,542.5,109.43
930,20250525_212248_730,Bad-Seed,0.772,0.0,113.25,541.19,478.69
930,20250525_212248_730,Bad-Seed,0.421,0.6,0.0,513.96,339.24
936,20250525_212249_102,Bad-Seed,0.723,0.0,0.0,555.39,442.77
939,20250525_212249_276,Bad-Seed,0.584,0.0,0.0,617.09,475.51
951,20250525_212249_993,Bad-Seed,0.262,253.12,196.53,637.72,476.54
957,20250525_212250_366,Bad-Seed,0.864,433.72,360.02,607.34,480.0
960,20250525_212250_543,Bad-Seed,0.906,454.53,279.87,615.81,479.92
963,20250525_212250_713,Bad-Seed,0.835,408.38,315.78,558.55,455.06
966,20250525_212250_911,Good-Seed,0.518,0.0,0.0,439.5,113.41
966,20250525_212250_911,Good-Seed,0.375,0.0,0.0,484.13,72.98
969,20250525_212251_087,Good-Seed,0.277,0.11,0.02,375.29,57.17
987,20250525_212252_174,Bad-Seed,0.353,0.0,0.0,528.37,53.47
987,20250525_212252_174,Bad-Seed,0.313,0.0,0.11,492.96,75.26
987,20250525_212252_174,Good-Seed,0.31,0.04,0.04,453.29,79.0
993,20250525_212252_522,Bad-Seed,0.797,58.04,389.64,293.89,479.89
996,20250525_212252_718,Bad-Seed,0.887,0.0,153.18,144.21,314.77
999,20250525_212252_897,Bad-Seed,0.875,0.01,0.12,103.31,157.42
1002,20250525_212253_065,Bad-Seed,0.72,0.0,0.02,279.31,85.84
1002,20250525_212253_065,Bad-Seed,0.411,0.14,0.0,399.24,85.55
1005,20250525_212253_260,Bad-Seed,0.868,40.19,0.12,232.0,165.19
1008,20250525_212253_437,Bad-Seed,0.892,168.34,120.99,373.51,313.55
1011,20250525_212253_614,Bad-Seed,0.913,238.2,252.19,425.63,429.32
1014,20250525_212253_790,Bad-Seed,0.893,257.3,268.91,446.46,438.28
1017,20250525_212253_981,Bad-Seed,0.876,257.87,263.12,451.13,438.93
1020,20250525_212254_158,Bad-Seed,0.902,258.41,262.24,459.34,441.81
1023,20250525_212254_332,Bad-Seed,0.885,259.92,262.36,461.73,443.21
1026,20250525_212254_522,Bad-Seed,0.904,255.87,262.47,464.96,451.04
1029,20250525_212254_699,Bad-Seed,0.881,257.59,268.36,473.04,461.5
1032,20250525_212254_875,Bad-Seed,0.915,266.63,284.75,489.82,479.98
1035,20250525_212255_053,Bad-Seed,0.758,274.07,296.12,502.2,480.0
1038,20250525_212255_244,Bad-Seed,0.907,262.58,317.42,503.3,479.94
1041,20250525_212255_421,Bad-Seed,0.896,236.97,325.43,496.03,479.88
1044,20250525_212255_594,Bad-Seed,0.882,258.03,356.3,495.03,480.0
1047,20250525_212255_780,Bad-Seed,0.902,215.79,331.92,472.18,479.94
1050,20250525_212255_963,Bad-Seed,0.916,172.77,264.33,404.0,457.81
1053,20250525_212256_138,Bad-Seed,0.915,109.27,226.55,341.16,423.5
1056,20250525_212256_334,Bad-Seed,0.797,85.15,205.68,318.97,407.88
1059,20250525_212256_510,Bad-Seed,0.901,101.92,208.33,341.23,416.15
1062,20250525_212256_683,Bad-Seed,0.909,118.38,209.51,358.41,420.11
1065,20250525_212256_863,Bad-Seed,0.905,130.56,215.13,369.36,425.62
1068,20250525_212257_054,Bad-Seed,0.672,146.93,224.34,387.53,435.44
1071,20250525_212257_230,Bad-Seed,0.652,159.01,219.37,404.99,437.37
1074,20250525_212257_402,Bad-Seed,0.755,159.63,218.07,404.7,435.91
1077,20250525_212257_596,Bad-Seed,0.783,157.18,213.14,405.81,434.58
1080,20250525_212257_770,Bad-Seed,0.877,152.99,211.54,403.6,433.8
1083,20250525_212257_943,Bad-Seed,0.788,152.59,211.8,408.66,437.21
1086,20250525_212258_123,Bad-Seed,0.78,144.88,204.85,410.03,436.49
1089,20250525_212258_316,Bad-Seed,0.876,141.63,203.24,411.28,438.08
1092,20250525_212258_487,Bad-Seed,0.855,130.45,198.23,401.75,435.23
1095,20250525_212258_668,Bad-Seed,0.836,114.01,194.53,391.52,434.98
1098,20250525_212258_861,Bad-Seed,0.729,109.13,198.29,381.22,437.04
1101,20250525_212259_027,Bad-Seed,0.851,102.49,206.96,373.22,443.54
1104,20250525_212259_214,Bad-Seed,0.913,90.94,223.05,359.06,457.35
1107,20250525_212259_387,Bad-Seed,0.908,82.49,243.29,349.35,479.35
1110,20250525_212259_581,Bad-Seed,0.861,82.34,260.47,348.53,479.88
1113,20250525_212259_754,Bad-Seed,0.858,84.62,253.53,350.68,479.85
1116,20250525_212259_931,Bad-Seed,0.746,82.91,248.84,351.85,479.83
1119,20250525_212300_123,Bad-Seed,0.75,84.17,242.57,352.39,478.4
1122,20250525_212300_302,Bad-Seed,0.538,85.13,240.42,351.23,476.01
1122,20250525_212300_302,Good-Seed,0.454,84.13,240.54,351.79,476.28
1125,20250525_212300_477,Good-Seed,0.821,88.43,238.58,353.86,470.84
1128,20250525_212300_671,Bad-Seed,0.757,91.66,230.65,355.95,462.4
1131,20250525_212300_847,Bad-Seed,0.914,85.76,224.15,350.17,453.79
1134,20250525_212301_017,Bad-Seed,0.742,86.85,216.64,351.88,447.37
1137,20250525_212301_200,Good-Seed,0.798,89.36,210.2,354.27,441.01
1140,20250525_212301_389,Bad-Seed,0.671,92.76,199.46,356.9,430.2
1143,20250525_212301_566,Bad-Seed,0.777,104.37,178.33,367.69,409.46
1146,20250525_212301_738,Bad-Seed,0.858,116.72,153.97,378.51,383.18
1149,20250525_212301_934,Bad-Seed,0.707,127.33,143.0,382.98,369.46
1152,20250525_212302_109,Bad-Seed,0.915,76.37,178.97,336.13,397.06
1155,20250525_212302_282,Bad-Seed,0.886,0.08,196.51,235.41,403.74
1158,20250525_212302_465,Bad-Seed,0.93,0.04,247.8,211.73,461.43
1161,20250525_212302_654,Bad-Seed,0.922,62.46,316.97,300.48,479.97
1164,20250525_212302_828,Bad-Seed,0.879,130.83,375.19,343.7,480.0
1167,20250525_212303_006,Bad-Seed,0.884,132.86,381.44,348.21,480.0
1170,20250525_212303_196,Bad-Seed,0.884,129.8,392.79,348.77,479.99
1173,20250525_212303_368,Bad-Seed,0.894,149.46,373.24,376.5,480.0
1176,20250525_212303_546,Bad-Seed,0.85,158.74,382.09,397.92,480.0
1179,20250525_212303_721,Bad-Seed,0.86,153.37,391.04,396.75,479.98
1182,20250525_212303_912,Bad-Seed,0.576,160.52,415.77,413.93,480.0
1185,20250525_212304_093,Bad-Seed,0.843,150.52,385.25,397.49,480.0
1188,20250525_212304_270,Bad-Seed,0.858,163.52,372.53,396.43,480.0
1191,20250525_212304_458,Bad-Seed,0.859,168.0,369.33,396.58,480.0
1194,20250525_212304_635,Bad-Seed,0.89,174.73,359.73,398.76,480.0
1197,20250525_212304_813,Bad-Seed,0.892,177.38,353.42,400.73,480.0
1200,20250525_212305_005,Bad-Seed,0.9,176.87,345.94,404.59,480.0
1203,20250525_212305_182,Bad-Seed,0.891,152.04,335.45,405.46,480.0
1206,20250525_212305_356,Bad-Seed,0.92,182.96,303.65,405.91,479.98
1209,20250525_212305_535,Bad-Seed,0.841,195.02,260.41,414.93,461.53
1212,20250525_212305_726,Bad-Seed,0.535,195.0,239.84,416.87,437.73
1212,20250525_212305_726,Good-Seed,0.445,195.65,239.64,416.78,437.53
1215,20250525_212305_901,Bad-Seed,0.494,194.87,232.5,416.16,431.68
1215,20250525_212305_901,Good-Seed,0.492,195.42,232.33,415.69,432.6
1218,20250525_212306_076,Bad-Seed,0.708,193.49,231.12,413.05,428.8
1221,20250525_212306_271,Bad-Seed,0.654,194.81,229.09,413.17,426.41
1221,20250525_212306_271,Good-Seed,0.445,195.39,229.2,413.23,426.75
1224,20250525_212306_446,Bad-Seed,0.816,194.91,229.86,412.49,426.15
1227,20250525_212306_623,Good-Seed,0.652,196.03,231.18,412.28,428.45
1230,20250525_212306_796,Good-Seed,0.623,195.34,231.83,412.47,429.62
1233,20250525_212306_991,Bad-Seed,0.88,189.49,239.54,411.86,438.78
1236,20250525_212307_166,Bad-Seed,0.897,189.42,244.01,410.68,441.5
1239,20250525_212307_339,Bad-Seed,0.887,191.0,244.04,411.83,441.18
1242,20250525_212307_531,Bad-Seed,0.824,190.36,247.71,410.57,445.61
1245,20250525_212307_707,Bad-Seed,0.91,189.95,250.73,410.62,447.99
1248,20250525_212307_884,Bad-Seed,0.885,190.98,254.51,410.93,451.45
1251,20250525_212308_064,Bad-Seed,0.904,190.6,255.37,411.11,452.6
1254,20250525_212308_254,Bad-Seed,0.871,192.47,255.47,411.2,452.34
1257,20250525_212308_430,Bad-Seed,0.809,193.19,256.17,411.89,453.6
1260,20250525_212308_606,Bad-Seed,0.879,192.71,256.67,412.15,454.91
1263,20250525_212308_795,Bad-Seed,0.904,184.86,275.86,406.14,478.11
1266,20250525_212308_977,Bad-Seed,0.912,173.87,310.17,397.19,479.93
1269,20250525_212309_148,Bad-Seed,0.852,173.88,309.57,398.25,479.97
1272,20250525_212309_343,Bad-Seed,0.918,189.49,251.4,410.81,455.16
1275,20250525_212309_518,Bad-Seed,0.803,195.6,188.74,416.99,385.58
1278,20250525_212309_691,Bad-Seed,0.573,195.38,143.09,415.36,340.2
1278,20250525_212309_691,Good-Seed,0.409,196.13,142.86,415.16,340.35
1281,20250525_212309_871,Bad-Seed,0.774,199.54,146.91,419.73,345.43
1284,20250525_212310_060,Bad-Seed,0.848,193.56,181.24,414.29,378.12
1287,20250525_212310_235,Bad-Seed,0.861,196.07,182.7,414.81,377.95
1290,20250525_212310_411,Good-Seed,0.644,198.69,206.69,416.01,401.93
1293,20250525_212310_605,Bad-Seed,0.721,196.06,216.64,415.52,413.95
1296,20250525_212310_782,Bad-Seed,0.856,196.68,218.42,419.22,415.62
1299,20250525_212310_956,Bad-Seed,0.806,200.61,213.56,423.27,410.75
1302,20250525_212311_133,Bad-Seed,0.904,205.59,225.16,426.27,423.03
1305,20250525_212311_324,Bad-Seed,0.907,202.63,240.43,427.23,440.38
1308,20250525_212311_499,Bad-Seed,0.839,203.86,263.76,432.17,469.26
1311,20250525_212311_676,Bad-Seed,0.918,204.31,285.46,435.04,479.69
1314,20250525_212311_870,Bad-Seed,0.914,194.55,302.15,442.39,479.98
1317,20250525_212312_045,Good-Seed,0.612,215.74,299.31,449.32,479.98
1320,20250525_212312_214,Bad-Seed,0.856,223.28,302.95,461.06,479.92
1323,20250525_212312_399,Bad-Seed,0.881,232.85,306.45,470.78,479.97
1326,20250525_212312_590,Bad-Seed,0.9,203.47,326.78,470.38,479.86
1329,20250525_212312_766,Bad-Seed,0.877,215.4,342.3,462.0,480.0
1332,20250525_212312_941,Bad-Seed,0.9,224.89,347.03,457.21,480.0
1335,20250525_212313_135,Bad-Seed,0.894,224.83,354.08,458.36,480.0
1338,20250525_212313_306,Bad-Seed,0.888,226.25,355.6,460.04,480.0
1341,20250525_212313_481,Bad-Seed,0.905,232.89,352.56,469.36,480.0
1344,20250525_212313_677,Bad-Seed,0.908,236.72,352.5,474.34,480.0
1347,20250525_212313_854,Bad-Seed,0.902,244.25,357.49,485.13,480.0
1350,20250525_212314_031,Bad-Seed,0.889,249.24,358.0,487.63,480.0
1353,20250525_212314_201,Bad-Seed,0.864,251.56,362.36,488.27,480.0
1356,20250525_212314_398,Bad-Seed,0.811,238.88,368.49,499.63,480.0
1359,20250525_212314_571,Bad-Seed,0.878,277.83,344.4,530.37,480.0
1362,20250525_212314_747,Bad-Seed,0.882,372.02,282.89,640.0,479.99
1371,20250525_212315_288,Bad-Seed,0.592,0.13,0.0,534.05,447.04
1374,20250525_212315_470,Good-Seed,0.53,4.99,0.09,640.0,417.13
1377,20250525_212315_660,Bad-Seed,0.848,191.56,0.0,640.0,480.0
1380,20250525_212315_839,Bad-Seed,0.813,434.5,11.0,640.0,480.0
1383,20250525_212316_008,Bad-Seed,0.443,441.58,238.24,639.97,480.0
1386,20250525_212316_205,Bad-Seed,0.82,0.0,98.85,158.45,480.0
1386,20250525_212316_205,Bad-Seed,0.379,518.61,263.88,639.93,480.0
1386,20250525_212316_205,Bad-Seed,0.298,103.53,266.66,361.92,479.74
1389,20250525_212316_381,Bad-Seed,0.622,13.45,71.28,613.87,480.0
1392,20250525_212316_556,Bad-Seed,0.591,15.89,75.68,633.26,479.32
1395,20250525_212316_732,Bad-Seed,0.847,51.44,102.94,625.28,478.61
1398,20250525_212316_877,Bad-Seed,0.893,59.87,104.3,620.42,478.97
1398,20250525_212316_877,Good-Seed,0.637,0.3,0.0,523.68,120.12
1401,20250525_212317_002,Bad-Seed,0.896,70.65,105.9,629.67,479.32
1401,20250525_212317_002,Good-Seed,0.744,0.37,0.0,516.53,120.49
1404,20250525_212317_093,Bad-Seed,0.886,66.16,107.52,629.75,479.23
1404,20250525_212317_093,Good-Seed,0.776,0.0,0.0,543.88,124.32
1407,20250525_212317_207,Bad-Seed,0.893,66.06,107.82,629.96,479.21
1407,20250525_212317_207,Good-Seed,0.65,0.2,0.0,524.07,107.92
1410,20250525_212317_301,Bad-Seed,0.903,59.41,108.96,632.29,479.09
1410,20250525_212317_301,Good-Seed,0.753,0.0,0.0,544.46,115.56
1413,20250525_212317_401,Bad-Seed,0.888,47.18,83.27,634.78,478.76
1413,20250525_212317_401,Good-Seed,0.401,0.23,0.0,521.99,109.69
1416,20250525_212317_487,Bad-Seed,0.885,47.57,85.91,634.9,478.8
1416,20250525_212317_487,Good-Seed,0.61,0.33,0.0,522.16,111.22
1419,20250525_212317_604,Bad-Seed,0.902,46.71,86.19,631.81,478.5
1419,20250525_212317_604,Good-Seed,0.506,0.23,0.0,524.47,107.72
1422,20250525_212317_696,Bad-Seed,0.873,46.27,80.5,630.8,478.48
1422,20250525_212317_696,Good-Seed,0.511,0.25,0.0,521.94,108.75
1425,20250525_212317_792,Bad-Seed,0.869,47.01,77.08,632.14,478.69
1425,20250525_212317_792,Good-Seed,0.46,0.18,0.0,522.73,105.55
1428,20250525_212317_893,Bad-Seed,0.851,48.03,80.59,631.19,478.54
1428,20250525_212317_893,Good-Seed,0.574,0.27,0.0,523.25,108.7
1431,20250525_212318_003,Bad-Seed,0.867,48.16,77.88,631.68,478.59
1431,20250525_212318_003,Good-Seed,0.574,0.0,0.0,541.7,111.14
1434,20250525_212318_080,Bad-Seed,0.838,49.16,82.84,631.29,478.77
1434,20250525_212318_080,Good-Seed,0.608,0.32,0.0,520.26,108.28
1437,20250525_212318_176,Bad-Seed,0.869,49.37,84.1,631.47,478.68
1437,20250525_212318_176,Good-Seed,0.666,0.38,0.0,522.63,111.47
1440,20250525_212318_274,Bad-Seed,0.869,47.88,77.79,631.8,478.66
1440,20250525_212318_274,Good-Seed,0.496,0.35,0.0,525.31,108.58
1443,20250525_212318_386,Bad-Seed,0.867,47.32,81.06,630.62,478.61
1443,20250525_212318_386,Good-Seed,0.575,0.34,0.0,522.07,108.51
1446,20250525_212318_481,Bad-Seed,0.886,48.39,85.05,631.9,478.52
1446,20250525_212318_481,Good-Seed,0.584,0.26,0.0,523.39,109.46
1449,20250525_212318_578,Bad-Seed,0.875,48.67,85.73,632.11,478.63
1449,20250525_212318_578,Good-Seed,0.674,0.35,0.0,521.25,112.96
1452,20250525_212318_672,Bad-Seed,0.879,47.12,82.42,631.97,478.65
1455,20250525_212318_782,Bad-Seed,0.878,48.42,82.3,632.28,478.54
1455,20250525_212318_782,Good-Seed,0.618,0.0,0.0,545.99,116.85
1458,20250525_212318_879,Bad-Seed,0.868,47.57,80.67,631.32,478.52
1458,20250525_212318_879,Good-Seed,0.639,0.0,0.0,543.45,116.97
1461,20250525_212318_975,Bad-Seed,0.891,48.44,84.13,631.87,478.56
1461,20250525_212318_975,Good-Seed,0.677,0.27,0.0,524.21,110.44
1464,20250525_212319_071,Bad-Seed,0.905,47.97,85.49,633.59,478.5
1464,20250525_212319_071,Good-Seed,0.57,0.24,0.0,523.93,111.32
1467,20250525_212319_183,Bad-Seed,0.878,47.13,80.07,630.74,478.65
1467,20250525_212319_183,Good-Seed,0.396,0.34,0.0,520.79,107.82
1470,20250525_212319_282,Bad-Seed,0.872,46.42,78.97,630.24,478.53
1470,20250525_212319_282,Good-Seed,0.376,0.25,0.0,523.92,112.41
1473,20250525_212319_376,Bad-Seed,0.882,45.01,84.14,632.08,478.67
1473,20250525_212319_376,Good-Seed,0.589,0.19,0.0,522.79,111.5
1476,20250525_212319_469,Bad-Seed,0.88,46.95,77.94,631.71,478.56
1476,20250525_212319_469,Good-Seed,0.501,0.22,0.0,522.63,108.79
1479,20250525_212319_580,Bad-Seed,0.841,47.6,77.67,631.0,478.7
1479,20250525_212319_580,Good-Seed,0.423,0.23,0.0,525.72,106.11
1482,20250525_212319_679,Bad-Seed,0.846,49.32,78.19,631.3,478.72
1482,20250525_212319_679,Good-Seed,0.45,0.29,0.0,522.85,108.47
1485,20250525_212319_776,Bad-Seed,0.89,46.81,81.49,631.97,478.56
1485,20250525_212319_776,Good-Seed,0.474,0.28,0.0,523.55,110.5
1488,20250525_212319_895,Bad-Seed,0.883,46.82,82.21,630.9,478.55
1488,20250525_212319_895,Good-Seed,0.716,0.0,0.0,542.69,118.07
1491,20250525_212320_005,Bad-Seed,0.879,48.81,83.82,631.16,478.53
1491,20250525_212320_005,Good-Seed,0.64,0.19,0.0,523.1,111.42
1494,20250525_212320_098,Bad-Seed,0.876,46.18,78.72,631.16,478.51
1494,20250525_212320_098,Good-Seed,0.464,0.24,0.0,521.47,107.09
1497,20250525_212320_195,Bad-Seed,0.892,49.71,82.05,630.66,478.59
1497,20250525_212320_195,Good-Seed,0.661,0.28,0.0,523.38,107.27
1500,20250525_212320_291,Bad-Seed,0.887,46.29,84.68,631.91,478.57
1500,20250525_212320_291,Good-Seed,0.594,0.25,0.0,522.92,111.21
1503,20250525_212320_407,Bad-Seed,0.842,48.01,79.86,631.66,478.86
1503,20250525_212320_407,Good-Seed,0.496,0.33,0.0,524.71,108.88
1506,20250525_212320_497,Bad-Seed,0.826,47.98,78.47,629.79,478.73
1506,20250525_212320_497,Good-Seed,0.486,0.23,0.0,524.54,107.88
1509,20250525_212320_593,Bad-Seed,0.879,47.99,80.57,631.88,478.5
1509,20250525_212320_593,Good-Seed,0.52,0.26,0.0,521.83,111.57
1512,20250525_212320_667,Bad-Seed,0.866,46.29,81.4,629.7,478.52
1512,20250525_212320_667,Good-Seed,0.612,0.36,0.0,522.29,110.94
1515,20250525_212320_783,Bad-Seed,0.875,47.57,81.6,631.37,478.68
1515,20250525_212320_783,Good-Seed,0.562,0.31,0.0,525.01,109.95
1518,20250525_212320_874,Bad-Seed,0.871,45.22,80.61,631.13,478.64
1518,20250525_212320_874,Good-Seed,0.493,0.25,0.0,523.57,106.99
1521,20250525_212320_977,Bad-Seed,0.892,48.36,88.7,631.67,478.57
1521,20250525_212320_977,Good-Seed,0.626,0.22,0.0,523.36,112.55
1524,20250525_212321_068,Bad-Seed,0.86,49.22,82.39,631.87,478.62
1524,20250525_212321_068,Good-Seed,0.609,0.23,0.0,525.5,115.3
1527,20250525_212321_183,Bad-Seed,0.859,48.74,83.63,629.8,478.42
1527,20250525_212321_183,Good-Seed,0.523,0.26,0.0,522.05,115.13
1530,20250525_212321_279,Bad-Seed,0.897,46.82,84.15,630.86,478.35
1530,20250525_212321_279,Good-Seed,0.498,0.28,0.0,522.89,109.13
1533,20250525_212321_374,Bad-Seed,0.879,47.4,80.25,630.63,478.53
1533,20250525_212321_374,Good-Seed,0.582,0.25,0.0,524.85,108.41
1536,20250525_212321_472,Bad-Seed,0.875,48.14,79.57,631.73,478.41
1536,20250525_212321_472,Good-Seed,0.474,0.25,0.0,523.43,113.2
1539,20250525_212321_580,Bad-Seed,0.893,46.59,82.44,631.56,478.6
1539,20250525_212321_580,Good-Seed,0.44,0.32,0.0,524.15,109.43
1542,20250525_212321_677,Bad-Seed,0.879,47.01,81.86,630.39,478.74
1542,20250525_212321_677,Good-Seed,0.567,0.25,0.0,523.81,110.32
1545,20250525_212321_777,Bad-Seed,0.839,46.82,81.2,630.56,478.59
1545,20250525_212321_777,Good-Seed,0.522,0.44,0.0,522.95,112.62
1548,20250525_212321_873,Bad-Seed,0.882,48.89,80.38,630.49,478.51
1548,20250525_212321_873,Good-Seed,0.609,0.34,0.0,521.29,106.9
1551,20250525_212321_983,Bad-Seed,0.885,46.79,78.99,630.89,478.56
1551,20250525_212321_983,Good-Seed,0.583,0.29,0.0,521.54,111.0
1554,20250525_212322_077,Bad-Seed,0.875,45.96,82.18,631.48,478.54
1554,20250525_212322_077,Good-Seed,0.584,0.29,0.0,522.58,114.84
1557,20250525_212322_175,Bad-Seed,0.887,48.87,84.92,631.88,478.69
1557,20250525_212322_175,Good-Seed,0.566,0.41,0.0,523.35,110.37
1560,20250525_212322_271,Bad-Seed,0.868,49.49,82.48,631.62,478.74
1560,20250525_212322_271,Good-Seed,0.494,0.31,0.0,521.39,108.97
1563,20250525_212322_377,Bad-Seed,0.879,47.89,85.9,630.92,478.55
1563,20250525_212322_377,Good-Seed,0.682,0.0,0.0,544.8,115.68
1566,20250525_212322_499,Bad-Seed,0.883,47.96,81.84,631.78,478.73
1566,20250525_212322_499,Good-Seed,0.599,0.24,0.0,524.44,108.2
1569,20250525_212322_597,Bad-Seed,0.88,47.4,88.51,631.66,478.41
1569,20250525_212322_597,Good-Seed,0.637,0.37,0.0,520.05,111.05
1572,20250525_212322_693,Bad-Seed,0.87,47.64,81.81,630.44,478.52
1572,20250525_212322_693,Good-Seed,0.51,0.31,0.0,523.55,109.23
1575,20250525_212322_807,Bad-Seed,0.853,47.84,83.03,631.55,478.57
1575,20250525_212322_807,Good-Seed,0.568,0.27,0.0,522.97,109.47
1578,20250525_212322_899,Bad-Seed,0.86,49.41,85.93,631.62,478.32
1578,20250525_212322_899,Good-Seed,0.646,0.23,0.0,523.31,107.98
1581,20250525_212322_992,Bad-Seed,0.886,45.26,82.04,632.06,478.58
1581,20250525_212322_992,Good-Seed,0.607,0.19,0.0,523.81,108.05
1584,20250525_212323_087,Bad-Seed,0.888,47.67,86.03,632.09,478.54
1584,20250525_212323_087,Good-Seed,0.672,0.0,0.0,539.29,115.13
1587,20250525_212323_204,Bad-Seed,0.882,46.64,87.12,631.16,478.59
1587,20250525_212323_204,Good-Seed,0.62,0.27,0.0,525.63,112.0
1590,20250525_212323_275,Bad-Seed,0.89,48.56,84.24,631.88,478.6
1590,20250525_212323_275,Good-Seed,0.631,0.22,0.0,522.73,110.25
1593,20250525_212323_374,Bad-Seed,0.882,47.32,85.05,632.0,478.56
1593,20250525_212323_374,Good-Seed,0.685,0.0,0.0,543.24,114.09
1596,20250525_212323_469,Bad-Seed,0.856,47.68,84.47,632.1,478.42
1596,20250525_212323_469,Good-Seed,0.692,0.33,0.0,520.66,108.69
1599,20250525_212323_583,Bad-Seed,0.863,47.44,76.8,632.31,478.64
1599,20250525_212323_583,Good-Seed,0.348,0.27,0.0,521.47,108.09
1602,20250525_212323_677,Bad-Seed,0.878,48.46,82.82,630.23,478.48
1602,20250525_212323_677,Good-Seed,0.494,0.21,0.0,521.61,109.42
1605,20250525_212323_775,Bad-Seed,0.861,48.92,80.43,631.19,478.54
1605,20250525_212323_775,Good-Seed,0.581,0.24,0.0,521.92,108.71
1608,20250525_212323_871,Bad-Seed,0.877,46.75,81.23,632.15,478.77
1608,20250525_212323_871,Good-Seed,0.534,0.35,0.0,520.38,110.1
1611,20250525_212323_981,Bad-Seed,0.833,47.44,80.04,630.54,478.67
1611,20250525_212323_981,Good-Seed,0.422,0.29,0.0,525.65,108.96
1614,20250525_212324_076,Bad-Seed,0.795,69.32,107.4,637.55,479.59
1614,20250525_212324_076,Good-Seed,0.366,0.23,0.0,521.69,111.79
1617,20250525_212324_180,Bad-Seed,0.862,48.45,82.02,631.11,478.66
1617,20250525_212324_180,Good-Seed,0.479,0.28,0.0,520.66,110.85
1620,20250525_212324_269,Bad-Seed,0.879,47.19,79.1,630.98,478.79
1620,20250525_212324_269,Good-Seed,0.396,0.27,0.0,521.7,108.17
1623,20250525_212324_385,Bad-Seed,0.87,48.76,81.79,630.65,478.57
1623,20250525_212324_385,Good-Seed,0.589,0.34,0.0,521.9,113.38
1626,20250525_212324_476,Bad-Seed,0.832,47.93,82.55,631.03,478.62
1626,20250525_212324_476,Good-Seed,0.481,0.0,0.0,540.93,113.35
1629,20250525_212324_574,Bad-Seed,0.882,46.86,77.91,631.03,478.62
1629,20250525_212324_574,Good-Seed,0.496,0.34,0.0,523.6,107.53
1632,20250525_212324_670,Bad-Seed,0.896,49.95,88.1,631.35,478.45
1632,20250525_212324_670,Good-Seed,0.679,0.0,0.0,543.67,116.58
1635,20250525_212324_788,Bad-Seed,0.895,47.1,82.63,631.41,478.3
1635,20250525_212324_788,Good-Seed,0.653,0.23,0.0,521.79,108.58
1638,20250525_212324_883,Bad-Seed,0.895,49.19,81.46,631.53,478.54
1638,20250525_212324_883,Good-Seed,0.651,0.28,0.0,523.6,110.47
1641,20250525_212324_995,Bad-Seed,0.894,48.24,79.69,630.77,478.44
1641,20250525_212324_995,Good-Seed,0.537,0.0,0.0,539.64,114.42
1644,20250525_212325_095,Bad-Seed,0.89,48.57,85.08,631.21,478.3
1644,20250525_212325_095,Good-Seed,0.661,0.3,0.0,519.53,108.9
1647,20250525_212325_206,Bad-Seed,0.899,48.71,87.81,631.17,478.42
1647,20250525_212325_206,Good-Seed,0.775,0.0,0.0,538.83,117.04
1650,20250525_212325_300,Bad-Seed,0.893,50.16,93.71,633.48,478.2
1650,20250525_212325_300,Good-Seed,0.798,0.0,0.0,542.2,122.5
1653,20250525_212325_392,Bad-Seed,0.891,49.3,84.77,632.78,478.45
1653,20250525_212325_392,Good-Seed,0.631,0.25,0.0,521.62,111.09
1656,20250525_212325_491,Bad-Seed,0.904,48.94,85.39,633.83,478.46
1656,20250525_212325_491,Good-Seed,0.78,0.0,0.0,542.5,116.63
1659,20250525_212325_607,Bad-Seed,0.893,49.79,85.64,633.38,478.4
1659,20250525_212325_607,Good-Seed,0.727,0.25,0.0,522.27,112.07
1662,20250525_212325_676,Bad-Seed,0.891,47.47,81.86,630.09,478.6
1662,20250525_212325_676,Good-Seed,0.629,0.32,0.0,520.59,108.11
1665,20250525_212325_774,Bad-Seed,0.886,44.69,83.35,624.5,478.74
1665,20250525_212325_774,Good-Seed,0.578,0.0,0.0,540.27,116.34
1668,20250525_212325_873,Bad-Seed,0.876,49.26,69.96,631.48,478.12
1668,20250525_212325_873,Bad-Seed,0.839,557.34,0.01,639.87,173.4
1668,20250525_212325_873,Good-Seed,0.738,0.0,0.0,545.51,124.16
1671,20250525_212325_986,Bad-Seed,0.912,430.64,0.16,640.0,238.27
1671,20250525_212325_986,Bad-Seed,0.781,63.49,74.33,616.5,478.33
1671,20250525_212325_986,Bad-Seed,0.706,1.4,1.35,437.11,468.07
1671,20250525_212325_986,Good-Seed,0.558,0.0,0.01,387.75,104.41
1674,20250525_212326_080,Bad-Seed,0.887,337.68,0.0,640.0,302.77
1674,20250525_212326_080,Bad-Seed,0.879,194.2,369.22,595.87,480.0
1674,20250525_212326_080,Bad-Seed,0.857,0.35,0.69,308.15,447.53
1677,20250525_212326_195,Bad-Seed,0.863,0.0,0.0,234.24,451.49
1677,20250525_212326_195,Bad-Seed,0.839,283.38,3.83,639.63,373.31
1677,20250525_212326_195,Bad-Seed,0.629,269.53,453.41,567.01,479.9
1677,20250525_212326_195,Bad-Seed,0.477,264.82,440.36,563.5,480.0
1680,20250525_212326_358,Bad-Seed,0.878,0.12,7.95,129.85,432.48
1680,20250525_212326_358,Bad-Seed,0.852,289.21,3.28,640.0,434.62
1683,20250525_212326_464,Bad-Seed,0.896,369.33,4.85,640.0,480.0
1683,20250525_212326_464,Bad-Seed,0.872,0.0,5.8,184.07,428.1
1686,20250525_212326_611,Bad-Seed,0.772,0.0,102.84,131.76,326.86
1686,20250525_212326_611,Bad-Seed,0.77,315.32,63.96,639.64,480.0
1686,20250525_212326_611,Bad-Seed,0.487,10.12,339.47,74.52,433.71
1689,20250525_212326_768,Bad-Seed,0.892,160.43,29.3,604.93,360.86
1689,20250525_212326_768,Bad-Seed,0.584,0.0,91.68,53.34,241.97
1692,20250525_212326_914,Bad-Seed,0.596,226.12,340.57,640.0,480.0
1692,20250525_212326_914,Bad-Seed,0.356,578.12,47.8,640.0,480.0
1695,20250525_212327_072,Good-Seed,0.555,358.09,158.22,640.0,479.63
1701,20250525_212327_424,Good-Seed,0.795,0.0,130.45,395.63,476.67
1704,20250525_212327_626,Bad-Seed,0.598,0.0,0.06,589.8,62.91
1713,20250525_212328_172,Bad-Seed,0.799,0.0,261.6,596.32,480.0
1713,20250525_212328_172,Bad-Seed,0.266,0.0,0.0,615.52,254.59
1716,20250525_212328_367,Bad-Seed,0.44,0.0,281.6,634.62,480.0
1719,20250525_212328_539,Bad-Seed,0.495,1.9,271.45,640.0,480.0
1719,20250525_212328_539,Bad-Seed,0.289,0.0,9.97,540.95,352.57
1722,20250525_212328_717,Good-Seed,0.778,121.39,122.32,640.0,478.94
1722,20250525_212328_717,Good-Seed,0.475,0.0,0.06,418.14,55.12
1722,20250525_212328_717,Good-Seed,0.392,0.0,0.04,593.49,37.87
1725,20250525_212328_911,Good-Seed,0.284,39.19,66.86,636.63,479.82
1731,20250525_212329_262,Bad-Seed,0.376,0.0,0.01,555.8,39.47
1737,20250525_212329_629,Bad-Seed,0.253,73.34,0.0,638.03,480.0
1740,20250525_212329_806,Bad-Seed,0.906,60.57,0.0,640.0,304.86
1740,20250525_212329_806,Bad-Seed,0.755,64.54,0.0,617.24,160.59
1740,20250525_212329_806,Bad-Seed,0.681,240.77,223.1,640.0,479.79
1740,20250525_212329_806,Good-Seed,0.384,245.07,229.7,640.0,480.0
1743,20250525_212329_979,Bad-Seed,0.482,0.0,0.0,553.86,152.01
1746,20250525_212330_175,Good-Seed,0.793,0.29,0.02,583.29,295.87
1749,20250525_212330_347,Bad-Seed,0.928,369.82,190.99,639.88,479.99
1749,20250525_212330_347,Bad-Seed,0.366,0.0,0.0,408.45,454.82
1752,20250525_212330_521,Bad-Seed,0.872,440.35,298.01,639.93,480.0
1752,20250525_212330_521,Bad-Seed,0.379,0.0,0.0,418.33,464.25
1755,20250525_212330_701,Bad-Seed,0.894,449.91,327.12,639.95,480.0
1755,20250525_212330_701,Bad-Seed,0.658,0.75,0.36,550.6,417.0
1758,20250525_212330_896,Bad-Seed,0.861,0.0,0.0,472.69,335.32
1758,20250525_212330_896,Bad-Seed,0.83,0.0,0.35,322.65,333.05
1761,20250525_212331_066,Bad-Seed,0.867,518.16,136.77,639.78,480.0
1764,20250525_212331_245,Bad-Seed,0.916,0.89,0.42,410.05,270.82
1764,20250525_212331_245,Bad-Seed,0.797,482.47,103.12,640.0,480.0
1767,20250525_212331_438,Good-Seed,0.837,448.61,200.28,639.91,479.96
1767,20250525_212331_438,Good-Seed,0.363,0.0,0.36,378.73,196.19
1767,20250525_212331_438,Bad-Seed,0.258,510.41,0.14,639.98,105.72
1770,20250525_212331_608,Good-Seed,0.425,405.07,243.6,639.96,479.89
1770,20250525_212331_608,Bad-Seed,0.291,0.0,0.22,483.87,266.48
1773,20250525_212331_788,Bad-Seed,0.55,453.67,179.63,639.88,479.32
1773,20250525_212331_788,Good-Seed,0.466,457.85,176.49,639.88,480.0
1773,20250525_212331_788,Bad-Seed,0.398,0.03,376.42,92.59,479.92
1773,20250525_212331_788,Bad-Seed,0.353,0.0,376.53,162.8,480.0
1776,20250525_212331_962,Good-Seed,0.705,0.0,1.08,310.36,403.88
1776,20250525_212331_962,Bad-Seed,0.567,453.46,163.72,640.0,478.07
1776,20250525_212331_962,Good-Seed,0.454,451.81,88.04,640.0,480.0
1779,20250525_212332_156,Bad-Seed,0.814,0.0,0.66,138.64,205.32
1782,20250525_212332_335,Bad-Seed,0.583,0.0,152.49,458.89,478.16
1782,20250525_212332_335,Bad-Seed,0.482,0.0,426.36,242.2,480.0
1782,20250525_212332_335,Bad-Seed,0.35,379.78,0.0,637.29,480.0
1782,20250525_212332_335,Bad-Seed,0.301,86.94,0.0,397.67,113.85
1785,20250525_212332_505,Bad-Seed,0.836,0.0,188.13,229.59,328.52
1785,20250525_212332_505,Bad-Seed,0.834,334.92,0.0,639.84,480.0
1785,20250525_212332_505,Bad-Seed,0.627,0.01,115.69,227.66,327.23
1785,20250525_212332_505,Bad-Seed,0.494,0.82,1.19,228.98,328.49
1785,20250525_212332_505,Bad-Seed,0.421,3.29,0.0,599.03,327.34
1785,20250525_212332_505,Good-Seed,0.282,312.02,0.06,577.94,23.91
1788,20250525_212332_702,Bad-Seed,0.858,430.13,0.0,639.87,480.0
1788,20250525_212332_702,Bad-Seed,0.775,0.0,32.88,235.82,283.44
1788,20250525_212332_702,Bad-Seed,0.678,0.0,275.91,238.64,398.97
1797,20250525_212333_245,Good-Seed,0.387,0.08,0.01,207.15,180.84
1800,20250525_212333_421,Bad-Seed,0.471,0.0,62.35,262.44,474.22
1803,20250525_212333_596,Good-Seed,0.86,0.84,0.03,457.89,214.1
1803,20250525_212333_596,Bad-Seed,0.81,0.0,171.71,609.4,478.02
1803,20250525_212333_596,Good-Seed,0.473,0.0,0.05,526.06,167.13
1806,20250525_212333_775,Good-Seed,0.546,0.0,0.07,520.62,72.2
1809,20250525_212333_965,Good-Seed,0.475,0.0,0.08,553.57,65.4
1809,20250525_212333_965,Bad-Seed,0.394,0.34,118.19,214.78,480.0
1812,20250525_212334_132,Good-Seed,0.446,289.86,0.01,639.93,65.1
1815,20250525_212334_316,Good-Seed,0.446,287.29,0.01,639.96,62.19
1815,20250525_212334_316,Bad-Seed,0.287,0.0,348.23,236.6,480.0
1818,20250525_212334_509,Good-Seed,0.669,266.44,0.0,640.0,52.81
1818,20250525_212334_509,Bad-Seed,0.615,33.22,360.0,234.87,480.0
1818,20250525_212334_509,Bad-Seed,0.429,0.0,71.49,579.55,240.36
1818,20250525_212334_509,Good-Seed,0.394,449.61,137.7,639.83,479.8
1818,20250525_212334_509,Good-Seed,0.385,210.19,0.0,640.0,36.82
1818,20250525_212334_509,Good-Seed,0.379,0.32,0.0,301.0,40.35
1824,20250525_212334_860,Bad-Seed,0.597,0.0,0.0,579.6,461.96
1824,20250525_212334_860,Bad-Seed,0.575,0.07,0.19,220.97,291.47
1827,20250525_212335_036,Good-Seed,0.862,0.0,0.0,577.31,198.95
1833,20250525_212335_407,Bad-Seed,0.581,0.24,0.0,271.65,405.71
1836,20250525_212335_579,Bad-Seed,0.757,0.03,24.61,195.11,386.17
1836,20250525_212335_579,Bad-Seed,0.405,376.05,14.2,639.83,480.0
1839,20250525_212335_772,Bad-Seed,0.83,0.28,19.28,243.18,333.63
1839,20250525_212335_772,Bad-Seed,0.779,445.38,0.0,640.0,468.48
1842,20250525_212335_949,Bad-Seed,0.792,0.02,40.87,216.13,448.25
1842,20250525_212335_949,Bad-Seed,0.702,373.17,3.25,640.0,461.19
1842,20250525_212335_949,Bad-Seed,0.329,441.66,0.0,640.0,385.12
1845,20250525_212336_124,Bad-Seed,0.841,0.04,22.82,207.47,455.08
1845,20250525_212336_124,Bad-Seed,0.609,432.83,0.0,639.85,480.0
1848,20250525_212336_298,Bad-Seed,0.825,0.06,39.28,172.44,453.33
1848,20250525_212336_298,Bad-Seed,0.66,425.38,0.54,640.0,480.0
1851,20250525_212336_490,Bad-Seed,0.859,0.04,47.32,170.59,433.31
1851,20250525_212336_490,Bad-Seed,0.643,332.95,0.69,639.92,480.0
1854,20250525_212336_670,Bad-Seed,0.8,0.0,35.73,177.87,450.27
1854,20250525_212336_670,Bad-Seed,0.536,334.21,0.0,640.0,394.2
1854,20250525_212336_670,Bad-Seed,0.416,156.79,0.17,639.43,293.95
1857,20250525_212336_846,Bad-Seed,0.832,0.0,41.57,184.02,413.99
1857,20250525_212336_846,Bad-Seed,0.699,344.01,0.0,639.93,323.04
1857,20250525_212336_846,Bad-Seed,0.526,344.28,0.0,640.0,468.95
1860,20250525_212337_039,Bad-Seed,0.819,0.02,90.0,196.04,473.84
1860,20250525_212337_039,Good-Seed,0.459,77.33,0.0,640.0,197.54
1860,20250525_212337_039,Good-Seed,0.297,160.46,0.0,640.0,449.26
1863,20250525_212337_213,Bad-Seed,0.711,0.0,0.47,594.45,282.32
1863,20250525_212337_213,Bad-Seed,0.48,0.0,167.56,436.76,479.44
1866,20250525_212337_386,Bad-Seed,0.638,0.0,0.01,579.93,335.08
1866,20250525_212337_386,Good-Seed,0.262,0.0,0.0,640.0,343.87
1869,20250525_212337_577,Good-Seed,0.861,0.0,0.0,640.0,332.76
1869,20250525_212337_577,Bad-Seed,0.643,0.0,185.64,154.32,414.45
1872,20250525_212337_757,Good-Seed,0.487,0.18,1.78,590.69,445.74
1881,20250525_212338_304,Good-Seed,0.759,0.79,1.57,589.35,406.88
1884,20250525_212338_469,Bad-Seed,0.88,0.0,31.19,186.07,292.31
1884,20250525_212338_469,Good-Seed,0.414,196.98,0.18,640.0,354.89
1884,20250525_212338_469,Bad-Seed,0.386,0.0,416.04,133.61,480.0
1884,20250525_212338_469,Good-Seed,0.325,396.71,0.0,640.0,480.0
1884,20250525_212338_469,Good-Seed,0.314,280.15,0.33,640.0,469.79
1887,20250525_212338_656,Bad-Seed,0.827,0.04,0.03,247.52,191.08
1887,20250525_212338_656,Bad-Seed,0.602,6.35,365.09,165.35,480.0
1887,20250525_212338_656,Bad-Seed,0.38,581.49,160.66,639.82,479.67
1887,20250525_212338_656,Bad-Seed,0.309,570.56,0.0,639.9,439.55
1890,20250525_212338_843,Bad-Seed,0.749,0.31,0.18,244.02,207.71
1890,20250525_212338_843,Bad-Seed,0.635,8.48,371.61,182.21,480.0
1890,20250525_212338_843,Bad-Seed,0.503,344.27,0.25,640.0,170.61
1890,20250525_212338_843,Bad-Seed,0.418,338.7,0.14,637.57,255.43
1893,20250525_212339_020,Bad-Seed,0.811,0.25,0.18,254.05,209.57
1893,20250525_212339_020,Bad-Seed,0.742,24.37,359.84,153.67,479.87
1893,20250525_212339_020,Bad-Seed,0.698,350.85,0.2,640.0,172.62
1893,20250525_212339_020,Bad-Seed,0.679,345.41,0.11,636.78,267.26
1896,20250525_212339_197,Bad-Seed,0.667,41.91,348.45,164.78,480.0
1896,20250525_212339_197,Bad-Seed,0.512,0.0,0.0,317.49,110.16
1896,20250525_212339_197,Bad-Seed,0.499,314.29,0.03,614.87,66.72
1899,20250525_212339_372,Bad-Seed,0.678,7.4,354.33,160.06,480.0
1899,20250525_212339_372,Bad-Seed,0.395,0.0,0.01,337.43,119.91
1902,20250525_212339_569,Bad-Seed,0.721,0.02,399.77,124.33,479.96
1902,20250525_212339_569,Bad-Seed,0.587,377.31,0.03,640.0,165.18
1902,20250525_212339_569,Bad-Seed,0.482,0.88,0.18,283.36,232.58
1905,20250525_212339_739,Bad-Seed,0.875,0.15,0.34,262.77,291.02
1905,20250525_212339_739,Bad-Seed,0.834,348.48,2.66,640.0,391.78
1905,20250525_212339_739,Bad-Seed,0.583,0.28,0.42,267.84,438.09
1905,20250525_212339_739,Bad-Seed,0.351,0.0,427.93,115.53,480.0
1908,20250525_212339_920,Bad-Seed,0.841,326.89,1.76,640.0,448.18
1908,20250525_212339_920,Bad-Seed,0.809,0.17,0.0,257.55,453.05
1911,20250525_212340_111,Bad-Seed,0.866,0.18,10.33,254.23,480.0
1911,20250525_212340_111,Bad-Seed,0.798,339.19,1.94,640.0,480.0
1911,20250525_212340_111,Bad-Seed,0.253,217.75,0.06,640.0,433.25
1914,20250525_212340_286,Bad-Seed,0.861,0.09,66.66,227.74,459.82
1914,20250525_212340_286,Bad-Seed,0.494,278.64,31.77,640.0,480.0
1917,20250525_212340_462,Bad-Seed,0.883,0.0,128.32,195.92,476.4
1917,20250525_212340_462,Bad-Seed,0.598,249.05,101.46,640.0,477.62
1920,20250525_212340_639,Bad-Seed,0.863,0.0,132.7,186.29,477.89
1920,20250525_212340_639,Bad-Seed,0.588,233.67,0.63,640.0,388.15
1920,20250525_212340_639,Bad-Seed,0.566,247.43,105.55,586.39,478.06
1920,20250525_212340_639,Bad-Seed,0.409,211.51,100.81,640.0,479.61
1923,20250525_212340_831,Bad-Seed,0.851,0.01,100.75,176.13,476.41
1923,20250525_212340_831,Bad-Seed,0.342,240.81,0.24,640.0,386.35
1926,20250525_212341_007,Bad-Seed,0.713,0.1,0.88,207.93,452.28
1932,20250525_212341_370,Bad-Seed,0.742,0.01,386.97,97.7,479.95
1935,20250525_212341_549,Bad-Seed,0.898,0.0,376.07,136.07,480.0
1938,20250525_212341_723,Bad-Seed,0.899,31.01,360.27,165.88,480.0
1941,20250525_212341_917,Bad-Seed,0.477,9.58,354.23,181.27,480.0
1944,20250525_212342_090,Good-Seed,0.282,0.0,111.2,608.68,479.77
1947,20250525_212342_266,Good-Seed,0.591,0.51,0.02,582.42,345.07
1950,20250525_212342_444,Good-Seed,0.485,0.48,0.0,586.45,382.97
1956,20250525_212342_807,Bad-Seed,0.799,27.4,225.56,185.6,365.83
1959,20250525_212342_987,Bad-Seed,0.834,0.01,333.55,139.66,480.0
1962,20250525_212343_180,Bad-Seed,0.91,0.0,320.22,166.95,479.75
1965,20250525_212343_359,Bad-Seed,0.917,29.02,373.91,180.93,480.0
2013,20250525_212346_251,Bad-Seed,0.902,223.37,375.7,353.06,480.0
2016,20250525_212346_429,Good-Seed,0.796,247.91,303.06,377.44,433.55
2019,20250525_212346_605,Good-Seed,0.828,240.39,270.75,372.05,398.89
2022,20250525_212346_776,Bad-Seed,0.727,223.45,257.33,360.03,391.9
2025,20250525_212346_972,Good-Seed,0.766,207.3,263.56,342.95,398.13
2028,20250525_212347_140,Good-Seed,0.862,196.38,283.23,332.13,421.31
2031,20250525_212347_323,Good-Seed,0.827,189.67,295.69,323.32,431.21
2034,20250525_212347_511,Good-Seed,0.848,190.6,304.09,324.15,438.21
2037,20250525_212347_693,Good-Seed,0.738,191.66,304.31,325.69,437.74
2040,20250525_212347_871,Good-Seed,0.588,191.91,300.85,326.66,432.98
2043,20250525_212348_046,Good-Seed,0.829,196.12,295.15,330.3,430.23
2046,20250525_212348_234,Good-Seed,0.793,198.13,301.13,333.23,435.26
2049,20250525_212348_411,Good-Seed,0.873,188.19,306.53,323.0,442.16
2052,20250525_212348_583,Good-Seed,0.874,183.59,311.47,319.82,448.89
2055,20250525_212348_771,Good-Seed,0.899,181.22,314.08,316.6,450.31
2058,20250525_212348_957,Good-Seed,0.785,172.57,327.57,309.99,467.28
2061,20250525_212349_131,Good-Seed,0.696,160.1,347.73,300.85,480.0
2064,20250525_212349_305,Bad-Seed,0.516,160.99,351.74,302.49,480.0
2064,20250525_212349_305,Good-Seed,0.49,161.35,351.33,302.85,480.0
2067,20250525_212349_494,Good-Seed,0.869,151.32,333.99,288.79,473.32
2070,20250525_212349_676,Good-Seed,0.779,134.42,304.48,274.45,445.47
2073,20250525_212349_847,Good-Seed,0.803,132.18,277.71,272.99,419.3
2076,20250525_212350_046,Bad-Seed,0.693,111.0,271.27,260.33,412.75
2079,20250525_212350_218,Good-Seed,0.835,71.47,265.1,223.55,412.64
2082,20250525_212350_392,Good-Seed,0.921,54.18,271.53,207.33,425.88
2085,20250525_212350_589,Good-Seed,0.928,48.76,273.78,204.66,429.57
2088,20250525_212350_765,Good-Seed,0.931,56.29,274.33,215.76,432.64
2091,20250525_212350_942,Good-Seed,0.924,54.22,271.11,213.88,429.74
2094,20250525_212351_113,Good-Seed,0.914,46.33,271.83,208.01,433.14
2097,20250525_212351_311,Good-Seed,0.892,32.51,280.14,196.72,445.71
2100,20250525_212351_483,Good-Seed,0.913,21.2,290.86,188.01,456.66
2103,20250525_212351_657,Good-Seed,0.916,21.87,289.9,186.9,453.53
2106,20250525_212351_851,Good-Seed,0.774,5.82,303.23,175.86,469.17
2109,20250525_212352_029,Good-Seed,0.921,0.0,311.97,161.83,479.62
2112,20250525_212352_203,Good-Seed,0.933,0.0,320.88,152.96,480.0
2115,20250525_212352_377,Good-Seed,0.901,0.0,308.25,150.55,474.65
2118,20250525_212352_573,Good-Seed,0.905,0.05,289.0,157.22,455.15
2121,20250525_212352_748,Good-Seed,0.531,0.0,293.93,130.49,462.73
2121,20250525_212352_748,Bad-Seed,0.396,0.0,294.18,130.91,463.02
2124,20250525_212352_932,Bad-Seed,0.727,0.0,305.61,92.59,478.4
2127,20250525_212353_115,Bad-Seed,0.886,0.0,295.42,90.52,468.22
2130,20250525_212353_293,Bad-Seed,0.604,0.0,260.22,117.03,428.17
2133,20250525_212353_470,Bad-Seed,0.634,0.0,229.73,110.82,398.38
2136,20250525_212353_641,Bad-Seed,0.883,0.0,236.03,101.34,415.8
2139,20250525_212353_829,Bad-Seed,0.806,0.01,269.87,75.04,447.79
2142,20250525_212354_010,Bad-Seed,0.578,0.0,231.31,37.48,452.74
2172,20250525_212355_822,Bad-Seed,0.334,0.0,129.48,35.59,361.61
2175,20250525_212355_995,Bad-Seed,0.482,0.0,111.02,44.93,327.93
2178,20250525_212356_187,Bad-Seed,0.803,0.0,128.53,71.76,303.18
2181,20250525_212356_363,Bad-Seed,0.866,0.0,102.39,98.38,290.71
2184,20250525_212356_542,Bad-Seed,0.89,0.0,108.5,104.52,298.21
2187,20250525_212356_711,Good-Seed,0.548,0.0,110.85,125.54,300.83
2190,20250525_212356_904,Bad-Seed,0.819,0.02,115.27,173.88,304.29
2193,20250525_212357_089,Bad-Seed,0.915,17.75,109.96,209.78,295.25
2196,20250525_212357_260,Bad-Seed,0.828,27.49,112.87,217.41,300.49
2199,20250525_212357_453,Bad-Seed,0.73,8.29,120.33,198.35,307.52
2202,20250525_212357_629,Bad-Seed,0.876,0.0,161.92,174.4,346.63
2205,20250525_212357_806,Bad-Seed,0.649,0.0,155.97,156.41,337.56
2208,20250525_212357_982,Bad-Seed,0.891,0.0,162.58,150.58,341.64
2211,20250525_212358_171,Bad-Seed,0.88,0.0,165.8,130.76,342.69
2214,20250525_212358_349,Bad-Seed,0.516,0.03,149.15,90.21,332.8
2241,20250525_212359_979,Bad-Seed,0.296,0.0,86.49,58.89,388.9
2244,20250525_212400_159,Good-Seed,0.447,5.44,0.0,640.0,332.28
2307,20250525_212403_948,Bad-Seed,0.719,0.02,219.9,76.83,417.09
2310,20250525_212404_123,Bad-Seed,0.86,0.0,209.09,128.08,394.19
2313,20250525_212404_316,Bad-Seed,0.878,0.0,182.52,177.84,363.69
2316,20250525_212404_489,Bad-Seed,0.812,7.79,155.34,191.06,343.8
2319,20250525_212404_669,Good-Seed,0.602,0.0,128.2,180.25,320.01
2319,20250525_212404_669,Bad-Seed,0.536,0.0,127.79,180.26,319.72
2322,20250525_212404_862,Good-Seed,0.768,0.98,106.01,187.27,297.15
2325,20250525_212405_037,Bad-Seed,0.898,8.69,77.29,206.76,272.92
2328,20250525_212405_212,Good-Seed,0.889,60.31,50.76,245.8,241.01
2331,20250525_212405_388,Good-Seed,0.907,61.38,31.88,248.84,223.91
2334,20250525_212405_584,Good-Seed,0.871,47.36,14.66,236.81,209.52
2337,20250525_212405_757,Good-Seed,0.895,31.95,2.91,224.16,201.16
2340,20250525_212405_932,Good-Seed,0.894,31.22,2.98,223.26,201.18
2343,20250525_212406_124,Good-Seed,0.903,34.27,1.83,225.06,199.95
2346,20250525_212406_301,Good-Seed,0.834,23.0,0.56,216.37,194.11
2349,20250525_212406_478,Good-Seed,0.896,14.43,0.27,207.32,194.1
2352,20250525_212406_651,Good-Seed,0.905,13.53,0.2,205.51,192.94
2355,20250525_212406_845,Good-Seed,0.875,11.86,0.12,205.69,179.37
2358,20250525_212407_020,Good-Seed,0.894,0.17,0.07,190.53,175.97
2361,20250525_212407_198,Good-Seed,0.848,4.21,0.15,201.29,163.12
2364,20250525_212407_391,Good-Seed,0.899,5.52,0.0,204.91,171.26
2367,20250525_212407_564,Good-Seed,0.894,0.34,0.14,197.07,182.19
2370,20250525_212407_735,Good-Seed,0.894,0.0,0.0,189.17,183.94
2373,20250525_212407_937,Bad-Seed,0.883,0.04,0.0,158.43,192.39
2376,20250525_212408_110,Bad-Seed,0.86,0.0,0.0,120.54,193.88
2379,20250525_212408_283,Good-Seed,0.782,0.0,0.0,100.51,202.14
2382,20250525_212408_461,Good-Seed,0.629,0.01,0.0,105.5,196.0
2385,20250525_212408_652,Good-Seed,0.724,0.0,0.0,99.49,205.26
2388,20250525_212408_828,Bad-Seed,0.768,0.01,0.0,104.94,212.75
2391,20250525_212409_006,Bad-Seed,0.587,0.0,12.18,92.48,232.11
2394,20250525_212409_197,Bad-Seed,0.622,0.0,31.64,71.25,243.51
2397,20250525_212409_367,Bad-Seed,0.504,0.0,14.73,54.21,234.57
2415,20250525_212410_462,Bad-Seed,0.53,0.0,0.0,56.67,163.99
2418,20250525_212410_634,Good-Seed,0.409,0.03,0.0,92.28,165.46
2418,20250525_212410_634,Bad-Seed,0.366,0.01,0.0,92.55,169.47
2421,20250525_212410_804,Good-Seed,0.528,0.0,0.0,118.0,122.9
2424,20250525_212410_988,Bad-Seed,0.492,0.05,0.0,181.17,86.41
2427,20250525_212411_185,Good-Seed,0.443,0.08,0.0,242.86,64.3
2427,20250525_212411_185,Bad-Seed,0.428,0.0,0.02,259.92,64.48
2430,20250525_212411_357,Bad-Seed,0.728,14.37,0.07,293.9,92.68
2433,20250525_212411_534,Bad-Seed,0.888,33.84,0.08,238.29,166.47
2436,20250525_212411_724,Bad-Seed,0.932,62.97,37.36,269.77,264.5
2439,20250525_212411_901,Good-Seed,0.758,87.12,93.21,293.65,303.76
2442,20250525_212412_078,Good-Seed,0.847,77.62,95.47,283.03,307.06
2445,20250525_212412_270,Good-Seed,0.894,78.46,106.48,284.34,319.92
2448,20250525_212412_443,Good-Seed,0.884,80.33,114.9,287.65,326.21
2451,20250525_212412_620,Bad-Seed,0.849,100.28,134.94,306.62,348.36
2454,20250525_212412_795,Bad-Seed,0.837,91.75,141.92,299.58,351.98
2457,20250525_212412_989,Good-Seed,0.812,75.48,142.7,283.98,353.21
2460,20250525_212413_164,Good-Seed,0.818,70.14,141.96,280.91,353.27
2463,20250525_212413_341,Good-Seed,0.685,66.16,141.08,274.89,352.26
2466,20250525_212413_530,Good-Seed,0.696,58.9,138.07,265.34,350.6
2469,20250525_212413_710,Good-Seed,0.873,56.61,136.02,262.8,346.16
2472,20250525_212413_886,Good-Seed,0.796,56.12,132.84,263.82,343.45
2475,20250525_212414_063,Bad-Seed,0.61,65.55,129.32,273.56,343.18
2475,20250525_212414_063,Good-Seed,0.475,65.97,128.83,273.88,343.0
2478,20250525_212414_254,Good-Seed,0.644,59.73,141.06,267.18,353.32
2481,20250525_212414_429,Good-Seed,0.837,51.66,128.89,257.9,340.21
2484,20250525_212414_607,Bad-Seed,0.656,58.65,137.29,263.05,346.54
2484,20250525_212414_607,Good-Seed,0.446,58.84,135.76,262.64,346.78
2487,20250525_212414_797,Good-Seed,0.848,54.22,137.72,259.84,346.41
2490,20250525_212414_972,Good-Seed,0.877,49.97,134.23,254.29,343.06
2493,20250525_212415_150,Good-Seed,0.733,46.87,128.71,250.28,337.5
2496,20250525_212415_326,Good-Seed,0.9,50.66,128.18,253.04,336.63
2499,20250525_212415_513,Good-Seed,0.804,43.46,126.98,246.64,334.36
2502,20250525_212415_695,Good-Seed,0.846,47.35,127.02,250.4,333.84
2505,20250525_212415_869,Good-Seed,0.712,44.59,121.84,249.17,329.08
2508,20250525_212416_062,Good-Seed,0.88,45.71,116.81,249.83,325.02
2511,20250525_212416_238,Good-Seed,0.908,48.12,112.81,251.86,322.6
2514,20250525_212416_412,Good-Seed,0.903,47.86,112.48,251.42,321.64
2517,20250525_212416_604,Good-Seed,0.891,46.36,113.94,250.88,323.02
2520,20250525_212416_782,Good-Seed,0.896,41.96,116.23,247.48,324.83
2523,20250525_212416_956,Good-Seed,0.816,44.11,113.17,249.95,323.14
2526,20250525_212417_134,Good-Seed,0.888,39.2,117.68,245.47,327.36
2529,20250525_212417_324,Good-Seed,0.88,43.51,116.78,250.14,326.11
2532,20250525_212417_500,Good-Seed,0.904,43.95,116.1,249.18,325.84
2535,20250525_212417_679,Good-Seed,0.852,34.89,114.44,243.71,325.69
2538,20250525_212417_871,Good-Seed,0.74,28.78,111.45,236.51,321.3
2541,20250525_212418_044,Good-Seed,0.703,24.69,111.65,230.96,320.53
2544,20250525_212418_223,Good-Seed,0.81,24.85,113.2,231.06,322.62
2547,20250525_212418_395,Good-Seed,0.899,22.7,117.29,227.74,326.56
2550,20250525_212418_588,Good-Seed,0.849,21.71,111.7,227.15,319.96
2553,20250525_212418_765,Good-Seed,0.855,24.9,110.64,229.99,317.49
2556,20250525_212418_942,Good-Seed,0.849,17.31,111.13,223.83,321.04
2559,20250525_212419_133,Good-Seed,0.877,12.71,109.73,219.65,320.87
2562,20250525_212419_308,Good-Seed,0.857,14.93,111.01,221.4,321.74
2565,20250525_212419_484,Good-Seed,0.666,8.98,110.88,219.65,320.91
2568,20250525_212419_662,Good-Seed,0.648,5.73,105.93,215.36,316.47
2571,20250525_212419_853,Bad-Seed,0.565,3.66,106.94,216.87,319.53
2574,20250525_212420_029,Good-Seed,0.675,6.45,107.31,217.29,318.51
2577,20250525_212420_206,Bad-Seed,0.594,5.36,105.11,216.79,316.54
2580,20250525_212420_396,Good-Seed,0.753,7.3,106.48,217.62,317.65
2583,20250525_212420_569,Good-Seed,0.543,4.3,106.59,215.99,318.95
2583,20250525_212420_569,Bad-Seed,0.438,4.41,106.2,215.76,319.43
2586,20250525_212420_748,Bad-Seed,0.718,0.0,108.04,207.54,319.91
2589,20250525_212420_941,Good-Seed,0.734,0.0,103.2,198.21,314.83
2592,20250525_212421_114,Good-Seed,0.654,0.0,100.45,195.59,312.0
2595,20250525_212421_293,Good-Seed,0.75,0.0,97.74,194.67,309.96
2598,20250525_212421_468,Good-Seed,0.887,0.0,101.09,188.21,311.28
2601,20250525_212421_659,Bad-Seed,0.59,0.0,104.0,180.86,313.97
2601,20250525_212421_659,Good-Seed,0.58,0.09,103.4,181.48,313.25
2604,20250525_212421_836,Bad-Seed,0.891,0.0,103.76,178.68,315.59
2607,20250525_212422_013,Bad-Seed,0.842,0.0,116.31,176.88,327.78
2610,20250525_212422_204,Bad-Seed,0.905,0.0,129.89,197.12,341.04
2613,20250525_212422_380,Bad-Seed,0.915,45.43,149.9,254.2,362.36
2616,20250525_212422_557,Good-Seed,0.751,83.27,182.04,284.66,386.32
2619,20250525_212422_731,Good-Seed,0.757,79.93,176.72,283.18,383.21
2622,20250525_212422_925,Bad-Seed,0.632,50.77,173.75,256.98,382.31
2625,20250525_212423_101,Bad-Seed,0.797,43.56,172.42,248.75,381.56
2628,20250525_212423_279,Bad-Seed,0.628,41.51,172.41,243.87,377.9
2631,20250525_212423_470,Bad-Seed,0.807,32.21,177.46,236.06,386.63
2634,20250525_212423_646,Bad-Seed,0.782,34.09,166.85,238.23,374.24
2637,20250525_212423_821,Bad-Seed,0.58,29.51,162.62,236.83,372.38
2637,20250525_212423_821,Good-Seed,0.391,29.12,162.12,237.34,372.08
2640,20250525_212423_993,Bad-Seed,0.704,34.35,162.6,242.74,373.8
2643,20250525_212424_185,Bad-Seed,0.687,30.55,159.76,239.99,371.36
2646,20250525_212424_366,Bad-Seed,0.647,28.93,160.57,237.76,373.05
2649,20250525_212424_536,Good-Seed,0.624,25.46,160.55,234.25,371.65
2652,20250525_212424_734,Bad-Seed,0.554,15.71,158.79,227.06,372.29
2652,20250525_212424_734,Good-Seed,0.446,15.75,158.53,227.82,371.95
2655,20250525_212424_907,Bad-Seed,0.607,14.46,158.92,225.38,372.19
2658,20250525_212425_080,Bad-Seed,0.582,14.4,157.92,225.96,370.65
2658,20250525_212425_080,Good-Seed,0.375,14.5,156.69,226.51,369.85
2661,20250525_212425_278,Bad-Seed,0.836,13.09,157.76,225.29,371.09
2664,20250525_212425_454,Good-Seed,0.575,15.37,156.57,227.17,368.53
2664,20250525_212425_454,Bad-Seed,0.461,15.43,156.86,226.57,368.69
2667,20250525_212425_627,Good-Seed,0.579,14.79,156.28,226.19,368.42
2670,20250525_212425_804,Bad-Seed,0.546,15.06,155.58,226.05,369.63
2670,20250525_212425_804,Good-Seed,0.461,15.06,155.36,226.59,369.31
2673,20250525_212425_997,Good-Seed,0.738,12.82,152.75,222.97,364.94
2676,20250525_212426_174,Bad-Seed,0.73,10.91,153.51,222.68,366.11
2679,20250525_212426_342,Good-Seed,0.649,11.08,152.04,222.28,363.6
2682,20250525_212426_543,Good-Seed,0.766,14.96,150.24,226.57,363.11
2685,20250525_212426_717,Good-Seed,0.728,15.27,150.46,226.34,363.6
2688,20250525_212426_893,Good-Seed,0.509,14.73,152.0,225.8,364.28
2688,20250525_212426_893,Bad-Seed,0.508,13.5,152.5,225.53,364.61
2691,20250525_212427_069,Bad-Seed,0.622,12.09,154.25,224.79,367.38
2694,20250525_212427_261,Bad-Seed,0.755,11.37,155.22,225.22,369.34
2697,20250525_212427_440,Bad-Seed,0.715,9.86,155.72,223.04,368.59
2700,20250525_212427_615,Good-Seed,0.536,11.42,156.11,223.75,368.12
2700,20250525_212427_615,Bad-Seed,0.485,10.92,156.22,223.47,368.12
2703,20250525_212427_804,Good-Seed,0.547,10.48,154.11,222.95,367.98
2703,20250525_212427_804,Bad-Seed,0.467,11.31,154.2,222.76,368.31
2706,20250525_212427_983,Bad-Seed,0.862,10.14,154.15,222.93,368.57
2709,20250525_212428_158,Good-Seed,0.534,11.86,153.32,223.35,365.3
2709,20250525_212428_158,Bad-Seed,0.484,11.32,153.73,223.24,365.69
2712,20250525_212428_335,Good-Seed,0.589,12.75,153.95,223.67,366.23
2715,20250525_212428_519,Bad-Seed,0.611,11.15,153.35,223.13,364.8
2718,20250525_212428_699,Good-Seed,0.677,11.92,152.38,223.56,364.73
2721,20250525_212428_872,Good-Seed,0.774,12.86,151.25,223.19,363.22
2724,20250525_212429_064,Bad-Seed,0.713,4.54,151.42,219.84,361.83
2727,20250525_212429_246,Bad-Seed,0.567,4.33,152.01,218.88,363.21
2727,20250525_212429_246,Good-Seed,0.514,5.29,151.49,218.9,363.81
2730,20250525_212429_422,Good-Seed,0.657,4.81,154.34,219.36,367.25
2733,20250525_212429_613,Bad-Seed,0.683,10.28,151.93,221.38,364.62
2736,20250525_212429_791,Bad-Seed,0.92,0.0,183.75,208.02,413.01
2739,20250525_212429_966,Bad-Seed,0.893,0.0,235.93,131.89,446.86
2742,20250525_212430_138,Bad-Seed,0.7,0.02,262.32,61.13,478.57
2742,20250525_212430_138,Bad-Seed,0.396,0.0,169.92,60.38,475.36
2745,20250525_212430_327,Good-Seed,0.44,285.51,0.0,640.0,480.0
2751,20250525_212430_684,Bad-Seed,0.676,0.33,0.0,525.23,452.27
2757,20250525_212430_968,Bad-Seed,0.554,0.0,0.0,596.38,478.85
2760,20250525_212431_063,Bad-Seed,0.327,0.94,64.17,535.28,480.0
2766,20250525_212431_270,Bad-Seed,0.596,0.47,36.76,560.91,480.0
2769,20250525_212431_365,Bad-Seed,0.58,63.81,68.3,634.31,480.0
2772,20250525_212431_455,Bad-Seed,0.922,170.39,0.0,640.0,399.62
2772,20250525_212431_455,Bad-Seed,0.862,0.29,224.32,265.68,480.0
2775,20250525_212431_576,Bad-Seed,0.937,222.04,0.24,640.0,257.42
2775,20250525_212431_576,Bad-Seed,0.909,0.0,127.27,415.75,480.0
2775,20250525_212431_576,Bad-Seed,0.45,1.26,0.03,272.64,99.21
2778,20250525_212431_669,Bad-Seed,0.927,165.85,0.0,640.0,290.98
2778,20250525_212431_669,Bad-Seed,0.898,0.0,180.24,317.73,480.0
2781,20250525_212431_758,Bad-Seed,0.922,35.79,0.0,634.95,300.24
2784,20250525_212431_862,Bad-Seed,0.338,0.0,0.0,619.69,426.23
2787,20250525_212431_970,Bad-Seed,0.92,0.13,0.0,534.8,245.5
2787,20250525_212431_970,Bad-Seed,0.656,64.47,25.86,621.82,480.0
2787,20250525_212431_970,Bad-Seed,0.587,0.0,318.71,174.86,480.0
2787,20250525_212431_970,Bad-Seed,0.27,0.0,317.08,85.41,479.62
2790,20250525_212432_044,Bad-Seed,0.84,0.0,0.0,604.5,159.38
2790,20250525_212432_044,Bad-Seed,0.356,0.0,238.93,620.03,479.88
2793,20250525_212432_139,Bad-Seed,0.917,129.93,124.81,640.0,480.0
2793,20250525_212432_139,Bad-Seed,0.849,0.0,39.49,238.1,480.0
2796,20250525_212432_287,Bad-Seed,0.791,0.66,0.67,557.36,425.36
2796,20250525_212432_287,Bad-Seed,0.448,141.25,34.78,639.92,480.0
2799,20250525_212432_432,Bad-Seed,0.595,167.84,0.0,640.0,479.25
2799,20250525_212432_432,Bad-Seed,0.3,311.56,0.0,639.9,480.0
2868,20250525_212436_604,Bad-Seed,0.31,49.03,0.0,634.63,438.03
2874,20250525_212436_972,Bad-Seed,0.828,0.0,300.8,144.49,470.47
2877,20250525_212437_147,Bad-Seed,0.878,239.13,317.62,378.17,459.53
2880,20250525_212437_325,Bad-Seed,0.867,204.27,368.59,321.16,480.0
2883,20250525_212437_518,Bad-Seed,0.784,226.66,396.22,364.44,479.93
2886,20250525_212437_693,Bad-Seed,0.33,300.68,432.07,498.84,480.0
2889,20250525_212437_867,Bad-Seed,0.49,0.0,0.11,267.61,162.89
2889,20250525_212437_867,Bad-Seed,0.269,0.09,0.0,267.22,275.21
2892,20250525_212438_045,Bad-Seed,0.456,0.17,0.03,307.01,131.67
2898,20250525_212438_411,Bad-Seed,0.575,398.81,433.17,586.24,480.0
2898,20250525_212438_411,Bad-Seed,0.335,0.31,0.0,287.91,78.46
2898,20250525_212438_411,Bad-Seed,0.306,0.02,0.0,210.14,92.03
2901,20250525_212438_590,Bad-Seed,0.328,0.25,0.08,325.48,147.31
2904,20250525_212438_783,Bad-Seed,0.696,0.0,0.12,297.8,168.96
2904,20250525_212438_783,Bad-Seed,0.327,0.0,0.1,445.27,150.34
2907,20250525_212438_956,Bad-Seed,0.321,0.18,0.07,335.47,130.08
2910,20250525_212439_134,Bad-Seed,0.837,321.46,359.12,485.15,480.0
2913,20250525_212439_306,Bad-Seed,0.838,252.44,232.35,384.52,391.66
2916,20250525_212439_503,Bad-Seed,0.79,195.61,163.6,317.5,299.05
2919,20250525_212439_675,Bad-Seed,0.781,215.32,160.04,343.36,297.55
2922,20250525_212439_852,Bad-Seed,0.822,227.27,165.48,351.45,295.95
2925,20250525_212440_043,Bad-Seed,0.801,227.0,169.24,356.06,316.48
2928,20250525_212440_222,Bad-Seed,0.391,132.53,256.01,311.8,479.89
2931,20250525_212440_395,Bad-Seed,0.509,132.75,0.21,635.61,179.34
2934,20250525_212440_592,Good-Seed,0.344,1.64,0.0,548.09,464.02
2943,20250525_212441_115,Good-Seed,0.268,0.47,0.0,580.83,338.28
3027,20250525_212446_189,Bad-Seed,0.759,135.65,378.64,341.86,480.0
3030,20250525_212446_365,Bad-Seed,0.902,100.61,304.55,279.06,479.88
3033,20250525_212446_539,Bad-Seed,0.891,136.82,264.85,315.83,470.08
3036,20250525_212446_718,Bad-Seed,0.789,145.01,236.98,315.56,436.54
3039,20250525_212446_909,Bad-Seed,0.867,148.9,270.33,325.84,479.08
3042,20250525_212447_084,Bad-Seed,0.869,145.7,285.18,322.52,479.95
3045,20250525_212447_260,Bad-Seed,0.86,143.18,288.1,319.7,479.88
3048,20250525_212447_454,Bad-Seed,0.913,114.59,319.92,296.05,480.0
3051,20250525_212447_630,Bad-Seed,0.848,112.95,381.11,298.57,480.0
3054,20250525_212447_806,Bad-Seed,0.715,147.26,414.87,329.82,480.0
3057,20250525_212447_978,Bad-Seed,0.902,106.2,334.26,294.02,480.0
3060,20250525_212448_173,Bad-Seed,0.893,84.55,265.49,256.26,471.72
3063,20250525_212448_351,Good-Seed,0.86,74.42,257.23,251.34,465.82
3066,20250525_212448_526,Bad-Seed,0.654,68.7,263.04,253.25,473.29
3069,20250525_212448_717,Bad-Seed,0.893,54.74,276.77,241.93,479.87
3072,20250525_212448_894,Bad-Seed,0.861,60.86,280.41,246.02,480.0
3075,20250525_212449_067,Bad-Seed,0.916,94.31,297.17,283.25,479.94
3078,20250525_212449_262,Bad-Seed,0.911,113.99,322.19,302.29,479.99
3081,20250525_212449_437,Bad-Seed,0.897,120.82,343.7,313.09,480.0
3084,20250525_212449_611,Bad-Seed,0.898,90.59,323.19,288.66,479.95
3087,20250525_212449_789,Bad-Seed,0.914,84.45,271.97,275.61,479.87
3090,20250525_212449_981,Bad-Seed,0.548,89.76,243.39,272.88,457.14
3090,20250525_212449_981,Good-Seed,0.542,90.07,243.08,274.43,456.84
3093,20250525_212450_156,Bad-Seed,0.91,59.24,249.66,251.53,464.74
3096,20250525_212450_327,Bad-Seed,0.635,45.19,232.47,235.77,451.96
3096,20250525_212450_327,Good-Seed,0.516,45.0,230.83,236.03,450.71
3099,20250525_212450_523,Bad-Seed,0.7,49.21,223.04,234.97,433.02
3102,20250525_212450_700,Bad-Seed,0.909,62.6,232.0,250.63,469.27
3105,20250525_212450_876,Bad-Seed,0.926,47.98,292.55,250.27,479.91
3108,20250525_212451_054,Bad-Seed,0.911,26.52,322.75,230.5,479.84
3111,20250525_212451_243,Bad-Seed,0.912,0.44,331.82,197.62,479.9
3114,20250525_212451_420,Bad-Seed,0.895,1.17,247.84,205.18,479.54
3117,20250525_212451_596,Bad-Seed,0.928,0.0,200.67,164.71,428.34
3120,20250525_212451_789,Good-Seed,0.651,0.0,182.51,161.63,410.04
3123,20250525_212451_960,Good-Seed,0.569,0.0,185.08,159.0,415.28
3123,20250525_212451_960,Bad-Seed,0.463,0.0,184.14,158.43,415.4
3126,20250525_212452_137,Bad-Seed,0.897,0.0,210.38,167.6,446.62
3129,20250525_212452_314,Bad-Seed,0.907,0.0,232.48,192.39,469.49
3132,20250525_212452_507,Bad-Seed,0.846,3.37,252.37,208.86,480.0
3135,20250525_212452_686,Bad-Seed,0.887,14.13,259.25,212.91,479.95
3138,20250525_212452_862,Bad-Seed,0.888,3.16,265.56,207.18,479.87
3141,20250525_212453_053,Bad-Seed,0.705,0.0,273.0,190.98,479.92
3144,20250525_212453_228,Bad-Seed,0.923,0.0,286.0,167.59,479.84
3147,20250525_212453_396,Bad-Seed,0.809,0.02,331.79,109.15,480.0
3147,20250525_212453_396,Bad-Seed,0.431,0.0,216.0,107.45,478.6
3159,20250525_212454_122,Bad-Seed,0.507,0.0,232.5,47.46,479.32
3162,20250525_212454_317,Bad-Seed,0.599,0.0,178.47,49.16,419.26
3165,20250525_212454_491,Bad-Seed,0.737,0.0,155.48,59.69,393.8
3168,20250525_212454_672,Bad-Seed,0.888,0.0,134.64,120.12,375.03
3171,20250525_212454_865,Bad-Seed,0.928,0.0,139.43,205.48,374.04
3174,20250525_212455_036,Bad-Seed,0.89,71.31,169.53,276.62,408.72
3177,20250525_212455_210,Bad-Seed,0.784,55.97,187.85,264.03,425.83
3180,20250525_212455_389,Good-Seed,0.755,49.01,193.8,256.21,431.35
3183,20250525_212455_579,Good-Seed,0.876,49.21,195.75,254.65,432.19
3186,20250525_212455_755,Bad-Seed,0.92,72.37,195.26,281.81,433.14
3189,20250525_212455_927,Bad-Seed,0.867,104.61,198.21,310.18,434.13
3192,20250525_212456_127,Good-Seed,0.783,112.0,198.53,315.5,434.77
3195,20250525_212456_300,Bad-Seed,0.556,110.99,199.43,313.65,434.94
3195,20250525_212456_300,Good-Seed,0.544,111.02,197.64,313.86,435.16
3198,20250525_212456_473,Good-Seed,0.586,109.33,202.07,313.81,440.65
3198,20250525_212456_473,Bad-Seed,0.442,109.24,203.29,313.46,441.47
3201,20250525_212456_643,Good-Seed,0.822,107.52,206.53,309.47,439.2
3204,20250525_212456_847,Bad-Seed,0.808,102.71,200.94,303.18,433.04
3207,20250525_212457_021,Good-Seed,0.824,97.15,215.64,295.11,444.96
3210,20250525_212457_192,Bad-Seed,0.882,87.84,226.37,283.62,452.87
3213,20250525_212457_387,Bad-Seed,0.772,87.12,240.82,273.39,456.98
3216,20250525_212457_565,Bad-Seed,0.741,96.5,239.03,282.89,452.88
3219,20250525_212457_742,Good-Seed,0.827,100.09,241.11,284.43,455.49
3222,20250525_212457_931,Bad-Seed,0.913,99.89,228.41,281.9,438.07
3225,20250525_212458_108,Bad-Seed,0.784,95.33,203.99,278.31,413.94
3228,20250525_212458_285,Bad-Seed,0.894,95.95,200.39,276.68,407.46
3231,20250525_212458_460,Bad-Seed,0.755,96.84,196.52,270.03,396.24
3234,20250525_212458_655,Bad-Seed,0.565,92.48,198.57,261.87,393.95
3234,20250525_212458_655,Good-Seed,0.415,92.64,198.4,262.56,394.62
3237,20250525_212458_832,Bad-Seed,0.577,91.85,197.34,256.61,387.64
3240,20250525_212459_004,Good-Seed,0.496,96.34,199.02,259.41,388.09
3240,20250525_212459_004,Bad-Seed,0.472,96.17,199.27,258.28,388.18
3243,20250525_212459_198,Bad-Seed,0.887,103.22,200.35,264.4,385.3
3246,20250525_212459_371,Bad-Seed,0.819,104.51,209.39,261.64,389.18
3249,20250525_212459_550,Bad-Seed,0.684,104.48,218.52,258.73,398.05
3252,20250525_212459_721,Bad-Seed,0.865,106.87,229.55,256.84,406.54
3255,20250525_212459_910,Bad-Seed,0.909,108.31,239.39,259.74,412.22
3255,20250525_212459_910,Good-Seed,0.345,133.18,0.0,552.51,32.51
3255,20250525_212459_910,Good-Seed,0.272,140.6,0.0,622.24,55.16
3258,20250525_212500_095,Bad-Seed,0.718,107.7,248.06,253.99,418.33
3258,20250525_212500_095,Good-Seed,0.435,108.3,0.0,533.13,38.39
3258,20250525_212500_095,Good-Seed,0.289,126.75,0.0,536.04,61.06
3261,20250525_212500_267,Bad-Seed,0.832,107.38,249.35,253.0,417.78
3261,20250525_212500_267,Good-Seed,0.371,108.94,0.0,484.86,48.23
3264,20250525_212500_455,Bad-Seed,0.86,111.57,246.17,256.01,412.88
3264,20250525_212500_455,Good-Seed,0.434,102.09,0.0,512.07,53.1
3267,20250525_212500_634,Bad-Seed,0.88,113.59,247.48,256.29,411.57
3267,20250525_212500_634,Good-Seed,0.282,95.33,0.0,503.48,58.81
3270,20250525_212500_816,Bad-Seed,0.868,113.62,245.7,254.34,408.52
3270,20250525_212500_816,Bad-Seed,0.268,0.02,0.0,124.89,68.09
3273,20250525_212500_988,Bad-Seed,0.886,118.07,244.24,255.23,404.65
3276,20250525_212501_182,Bad-Seed,0.877,123.21,240.7,261.38,401.0
3279,20250525_212501_357,Bad-Seed,0.892,123.71,237.81,265.19,402.04
3282,20250525_212501_532,Bad-Seed,0.852,123.3,231.52,264.88,395.85
3285,20250525_212501_720,Bad-Seed,0.879,134.55,227.5,288.12,398.43
3285,20250525_212501_720,Good-Seed,0.319,99.55,0.0,632.45,40.34
3285,20250525_212501_720,Good-Seed,0.308,106.42,0.0,525.48,35.35
3288,20250525_212501_901,Bad-Seed,0.897,191.58,196.68,378.92,399.22
3291,20250525_212502_076,Bad-Seed,0.892,206.97,192.0,396.77,414.46
3294,20250525_212502_267,Bad-Seed,0.904,188.8,196.02,380.72,428.33
3297,20250525_212502_446,Bad-Seed,0.676,161.55,230.59,352.72,456.71
3300,20250525_212502_622,Bad-Seed,0.878,150.47,238.09,342.16,462.63
3303,20250525_212502_794,Bad-Seed,0.913,114.61,245.56,314.76,477.36
3306,20250525_212502_989,Bad-Seed,0.916,113.12,252.43,313.55,479.99
3309,20250525_212503_165,Bad-Seed,0.928,130.98,265.0,327.08,479.89
3312,20250525_212503_342,Bad-Seed,0.907,119.65,287.37,310.45,479.66
3315,20250525_212503_531,Bad-Seed,0.891,98.36,291.47,271.43,479.95
3318,20250525_212503_707,Bad-Seed,0.912,113.94,311.64,279.25,479.95
3321,20250525_212503_886,Bad-Seed,0.886,111.33,354.48,282.25,480.0
3324,20250525_212504_061,Bad-Seed,0.661,117.15,410.23,299.28,480.0
3327,20250525_212504_253,Bad-Seed,0.297,146.4,451.98,451.94,479.95
3330,20250525_212504_430,Bad-Seed,0.596,126.86,417.62,307.23,480.0
3333,20250525_212504_605,Bad-Seed,0.888,73.54,346.31,259.68,480.0
3336,20250525_212504_789,Bad-Seed,0.93,14.85,276.0,202.25,479.55
3339,20250525_212504_970,Bad-Seed,0.902,0.03,213.92,141.72,418.47
3342,20250525_212505_149,Bad-Seed,0.862,0.0,203.74,98.79,405.57
3345,20250525_212505_324,Bad-Seed,0.889,0.0,212.24,138.08,408.26
3348,20250525_212505_515,Bad-Seed,0.912,24.79,209.04,193.6,389.72
3351,20250525_212505_694,Bad-Seed,0.461,63.91,218.26,218.69,397.17
3351,20250525_212505_694,Good-Seed,0.456,64.04,218.74,218.82,397.85
3354,20250525_212505_864,Bad-Seed,0.808,61.22,229.21,216.62,410.97
3357,20250525_212506_060,Bad-Seed,0.815,47.7,233.83,199.38,414.26
3360,20250525_212506_238,Bad-Seed,0.676,53.91,249.92,200.65,425.29
3363,20250525_212506_414,Bad-Seed,0.874,67.69,258.51,212.89,432.05
3366,20250525_212506_606,Bad-Seed,0.921,63.21,249.93,216.98,437.65
3369,20250525_212506_781,Bad-Seed,0.873,26.94,295.27,166.6,460.64
3372,20250525_212506_957,Bad-Seed,0.904,50.56,304.41,191.91,473.58
3375,20250525_212507_130,Bad-Seed,0.891,65.89,338.23,206.34,479.91
3378,20250525_212507_326,Bad-Seed,0.892,78.9,325.9,219.16,479.98
3381,20250525_212507_497,Bad-Seed,0.904,68.27,327.83,207.97,479.81
3384,20250525_212507_676,Bad-Seed,0.902,63.72,335.79,206.45,480.0
3387,20250525_212507_869,Good-Seed,0.611,0.54,0.0,450.09,133.28
3387,20250525_212507_869,Bad-Seed,0.556,64.59,312.81,267.98,479.74
3387,20250525_212507_869,Bad-Seed,0.274,63.72,311.91,463.28,480.0
3396,20250525_212508_397,Good-Seed,0.445,0.0,0.11,140.63,389.52
3453,20250525_212511_837,Bad-Seed,0.271,0.0,436.16,276.93,480.0
3459,20250525_212512_205,Bad-Seed,0.328,115.08,445.96,421.49,480.0
3528,20250525_212516_348,Bad-Seed,0.52,0.0,370.82,272.25,480.0
3531,20250525_212516_540,Bad-Seed,0.612,0.0,302.33,290.56,480.0
3534,20250525_212516_717,Bad-Seed,0.869,0.0,233.03,202.08,480.0
3537,20250525_212516_884,Bad-Seed,0.86,0.0,144.32,127.19,469.1
3540,20250525_212517_069,Bad-Seed,0.467,0.0,109.09,105.69,418.92
3540,20250525_212517_069,Good-Seed,0.405,0.02,109.39,106.29,420.26
3543,20250525_212517_261,Bad-Seed,0.817,0.0,116.17,126.1,441.46
3546,20250525_212517_437,Bad-Seed,0.876,0.0,133.28,115.1,424.82
3555,20250525_212517_973,Bad-Seed,0.768,0.01,170.03,78.15,441.99
3558,20250525_212518_152,Bad-Seed,0.852,0.02,165.18,124.57,473.2
3561,20250525_212518_330,Bad-Seed,0.895,0.0,147.92,152.79,462.17
3564,20250525_212518_525,Bad-Seed,0.873,0.0,136.29,189.29,453.64
3567,20250525_212518_702,Bad-Seed,0.933,0.1,159.33,252.56,475.82
3570,20250525_212518_873,Bad-Seed,0.895,0.0,180.55,282.79,480.0
3573,20250525_212519_066,Bad-Seed,0.828,0.0,186.27,300.52,480.0
3576,20250525_212519_245,Bad-Seed,0.899,0.31,151.76,298.8,460.79
3579,20250525_212519_420,Bad-Seed,0.933,0.03,115.66,279.18,429.38
3582,20250525_212519_613,Good-Seed,0.796,0.0,83.2,263.27,399.51
3585,20250525_212519_784,Bad-Seed,0.761,0.08,77.6,251.67,404.05
3588,20250525_212519_961,Bad-Seed,0.89,0.15,78.49,265.84,404.69
3591,20250525_212520_142,Bad-Seed,0.846,0.07,81.47,275.81,404.44
3594,20250525_212520_333,Bad-Seed,0.705,0.0,74.84,287.06,399.56
3597,20250525_212520_504,Bad-Seed,0.939,3.46,81.33,315.43,405.61
3600,20250525_212520_680,Bad-Seed,0.95,30.17,98.34,346.04,428.92
3603,20250525_212520_877,Bad-Seed,0.907,52.1,121.46,364.11,446.33
3606,20250525_212521_056,Bad-Seed,0.952,54.3,116.96,371.18,446.35
3609,20250525_212521_227,Bad-Seed,0.936,47.63,112.9,364.06,445.31
3612,20250525_212521_397,Bad-Seed,0.951,53.29,116.23,370.72,450.86
3615,20250525_212521_597,Bad-Seed,0.953,54.08,112.94,369.42,441.46
3618,20250525_212521_773,Bad-Seed,0.919,56.05,116.54,372.64,448.05
3621,20250525_212521_950,Bad-Seed,0.945,57.66,120.9,378.07,451.76
3624,20250525_212522_141,Bad-Seed,0.948,60.38,123.68,377.44,454.51
3627,20250525_212522_311,Bad-Seed,0.945,60.41,123.85,379.96,452.68
3630,20250525_212522_491,Bad-Seed,0.952,51.84,114.52,368.01,442.59
3633,20250525_212522_670,Bad-Seed,0.952,26.73,106.85,351.69,436.57
3636,20250525_212522_861,Bad-Seed,0.953,4.2,103.5,325.29,432.48
3639,20250525_212523_039,Bad-Seed,0.923,0.39,100.18,314.05,426.01
3642,20250525_212523_213,Bad-Seed,0.942,0.0,92.75,310.67,420.23
3645,20250525_212523_406,Bad-Seed,0.954,0.0,79.51,300.03,405.35
3648,20250525_212523_577,Bad-Seed,0.915,0.0,74.85,295.2,401.91
3651,20250525_212523_756,Bad-Seed,0.902,0.0,76.23,300.28,401.91
3654,20250525_212523_947,Bad-Seed,0.937,0.12,79.58,305.61,404.51
3657,20250525_212524_121,Bad-Seed,0.942,0.68,89.12,314.9,413.59
3660,20250525_212524_302,Bad-Seed,0.926,2.8,91.71,318.83,415.71
3663,20250525_212524_470,Bad-Seed,0.944,25.24,106.43,334.29,432.75
3666,20250525_212524_670,Bad-Seed,0.936,19.15,114.8,331.97,438.35
3669,20250525_212524_845,Bad-Seed,0.953,20.03,112.56,332.17,437.61
3672,20250525_212525_019,Bad-Seed,0.946,26.64,110.89,341.57,435.55
3675,20250525_212525_212,Bad-Seed,0.943,23.25,122.11,344.19,446.38
3678,20250525_212525_388,Bad-Seed,0.944,27.25,123.71,344.76,454.33
3681,20250525_212525_563,Bad-Seed,0.947,49.92,148.11,368.0,477.52
3684,20250525_212525_743,Bad-Seed,0.951,51.19,146.41,371.61,472.57
3687,20250525_212525_929,Bad-Seed,0.952,50.08,136.46,368.53,465.3
3690,20250525_212526_108,Bad-Seed,0.929,40.4,121.84,360.21,450.73
3693,20250525_212526_283,Bad-Seed,0.948,47.89,117.52,363.1,446.38
3696,20250525_212526_471,Bad-Seed,0.953,38.03,108.79,357.38,436.86
3699,20250525_212526_650,Bad-Seed,0.901,43.09,100.86,359.23,431.3
3702,20250525_212526_831,Bad-Seed,0.94,49.75,101.01,366.14,431.88
3705,20250525_212527_005,Bad-Seed,0.912,43.96,97.34,360.71,427.66
3708,20250525_212527_197,Bad-Seed,0.916,41.07,91.26,356.58,418.72
3711,20250525_212527_370,Bad-Seed,0.852,46.05,92.84,358.64,424.11
3714,20250525_212527_547,Bad-Seed,0.945,50.16,96.47,361.92,426.35
3717,20250525_212527_733,Bad-Seed,0.944,55.99,98.86,367.46,426.96
3720,20250525_212527_915,Bad-Seed,0.91,58.09,99.7,372.24,427.15
3723,20250525_212528_093,Bad-Seed,0.94,63.36,100.58,375.49,427.46
3726,20250525_212528_286,Bad-Seed,0.904,65.33,104.42,380.1,433.35
3729,20250525_212528_457,Bad-Seed,0.919,67.71,100.44,380.64,427.69
3732,20250525_212528_637,Bad-Seed,0.854,72.85,103.71,382.95,429.26
3735,20250525_212528_807,Bad-Seed,0.907,71.1,102.64,382.42,428.33
3738,20250525_212529_005,Bad-Seed,0.924,75.14,104.17,383.94,431.44
3741,20250525_212529_179,Bad-Seed,0.921,71.63,103.4,383.24,430.61
3744,20250525_212529_357,Bad-Seed,0.851,73.74,104.11,382.78,429.47
3747,20250525_212529_549,Bad-Seed,0.925,84.75,106.58,394.18,433.04
3750,20250525_212529_723,Bad-Seed,0.894,93.83,112.78,399.18,435.7
3753,20250525_212529_901,Bad-Seed,0.914,95.33,112.47,402.67,434.43
3756,20250525_212530_076,Bad-Seed,0.918,93.33,108.39,397.45,431.46
3759,20250525_212530_268,Bad-Seed,0.917,95.51,109.27,405.34,435.46
3762,20250525_212530_445,Bad-Seed,0.895,94.98,113.27,402.39,437.24
3765,20250525_212530_618,Bad-Seed,0.886,95.99,123.89,406.61,451.69
3768,20250525_212530_809,Bad-Seed,0.912,97.64,128.22,410.01,454.86
3771,20250525_212530_993,Bad-Seed,0.918,102.35,132.28,414.11,459.4
3774,20250525_212531_165,Bad-Seed,0.939,86.39,115.88,396.2,436.8
3777,20250525_212531_341,Bad-Seed,0.891,63.3,81.31,370.93,401.56
3780,20250525_212531_533,Bad-Seed,0.577,46.92,78.7,357.74,401.33
3780,20250525_212531_533,Good-Seed,0.573,48.71,78.32,359.03,400.93
3783,20250525_212531_710,Bad-Seed,0.945,53.53,82.57,363.0,406.06
3786,20250525_212531_889,Bad-Seed,0.9,57.05,91.4,365.1,412.67
3789,20250525_212532_078,Bad-Seed,0.941,62.54,94.17,371.3,416.99
3792,20250525_212532_251,Bad-Seed,0.94,60.76,93.92,368.67,415.56
3795,20250525_212532_431,Bad-Seed,0.93,50.8,89.82,360.65,408.98
3798,20250525_212532_619,Bad-Seed,0.77,52.74,90.96,363.6,416.24
3801,20250525_212532_795,Bad-Seed,0.919,62.78,92.2,373.84,416.59
3804,20250525_212532_974,Bad-Seed,0.928,58.65,90.17,367.06,413.4
3807,20250525_212533_149,Bad-Seed,0.845,60.54,92.11,369.71,413.65
3810,20250525_212533_341,Bad-Seed,0.861,65.7,98.52,366.34,415.7
3813,20250525_212533_516,Bad-Seed,0.918,79.51,127.09,377.96,441.81
3816,20250525_212533_693,Good-Seed,0.654,86.83,133.29,373.31,432.26
3816,20250525_212533_693,Bad-Seed,0.561,87.01,134.17,372.78,432.83
3819,20250525_212533_888,Good-Seed,0.843,78.0,127.33,352.9,414.88
3822,20250525_212534_057,Good-Seed,0.82,87.44,134.94,357.98,419.01
3825,20250525_212534_236,Bad-Seed,0.915,65.83,123.05,335.68,401.0
3828,20250525_212534_414,Good-Seed,0.923,65.79,111.45,327.04,384.73
3831,20250525_212534_602,Good-Seed,0.895,58.9,128.39,322.43,404.17
3834,20250525_212534_780,Good-Seed,0.916,53.48,127.93,314.99,399.64
3837,20250525_212534_950,Good-Seed,0.917,56.98,129.57,319.15,402.15
3840,20250525_212535_142,Good-Seed,0.899,54.2,137.81,319.38,411.84
3843,20250525_212535_326,Good-Seed,0.91,52.28,133.02,315.2,407.05
3846,20250525_212535_499,Good-Seed,0.912,51.81,134.06,317.67,408.52
3849,20250525_212535_677,Good-Seed,0.906,56.29,129.46,322.28,408.27
3852,20250525_212535_870,Good-Seed,0.907,67.41,137.17,331.36,411.9
3855,20250525_212536_042,Good-Seed,0.893,65.1,141.71,329.75,415.82
3858,20250525_212536_220,Good-Seed,0.922,63.1,144.87,329.17,421.45
3861,20250525_212536_413,Good-Seed,0.811,58.59,150.56,328.42,429.95
3864,20250525_212536_584,Good-Seed,0.924,51.36,149.05,320.8,430.57
3867,20250525_212536_768,Good-Seed,0.856,54.33,154.11,326.23,435.14
3870,20250525_212536_958,Good-Seed,0.842,59.73,154.27,330.53,437.23
3873,20250525_212537_133,Bad-Seed,0.582,59.65,158.81,331.95,441.25
3873,20250525_212537_133,Good-Seed,0.508,59.68,158.89,332.19,439.76
3876,20250525_212537_308,Good-Seed,0.867,60.22,154.71,331.26,436.84
3879,20250525_212537_483,Good-Seed,0.57,54.76,156.54,328.42,435.34
3879,20250525_212537_483,Bad-Seed,0.524,55.51,156.31,327.72,435.88
3882,20250525_212537_672,Good-Seed,0.925,54.71,141.28,323.68,419.43
3885,20250525_212537_855,Good-Seed,0.763,55.06,149.89,326.68,432.44
3888,20250525_212538_026,Good-Seed,0.898,42.49,140.93,314.51,422.27
3891,20250525_212538_222,Good-Seed,0.908,39.45,129.0,311.81,407.79
3894,20250525_212538_398,Good-Seed,0.91,36.09,126.81,307.88,407.43
3897,20250525_212538_573,Good-Seed,0.907,27.73,136.88,304.54,423.97
3900,20250525_212538_748,Good-Seed,0.902,34.02,138.68,309.71,422.29
3903,20250525_212538_940,Good-Seed,0.902,41.26,143.11,316.82,426.24
3906,20250525_212539_117,Good-Seed,0.923,47.51,145.75,320.21,427.25
3909,20250525_212539_293,Good-Seed,0.932,49.92,151.22,321.87,431.33
3912,20250525_212539_481,Good-Seed,0.93,46.46,146.27,320.5,427.64
3915,20250525_212539_662,Good-Seed,0.919,46.86,143.99,318.96,424.28
3918,20250525_212539_838,Good-Seed,0.916,36.23,143.0,312.82,426.67
3921,20250525_212540_015,Good-Seed,0.876,40.39,135.02,315.03,416.13
3924,20250525_212540_205,Good-Seed,0.912,36.53,134.6,311.59,416.14
3927,20250525_212540_381,Good-Seed,0.921,32.61,123.67,305.37,402.46
3930,20250525_212540_555,Good-Seed,0.909,36.77,130.23,310.04,412.5
3933,20250525_212540_750,Good-Seed,0.917,29.3,132.77,305.23,413.87
3936,20250525_212540_928,Good-Seed,0.918,23.03,117.03,297.83,395.59
3939,20250525_212541_102,Good-Seed,0.891,11.26,118.92,292.9,402.04
3942,20250525_212541_294,Good-Seed,0.893,23.55,131.5,300.6,415.04
3945,20250525_212541_468,Good-Seed,0.879,14.95,132.08,294.31,416.81
3948,20250525_212541_641,Good-Seed,0.88,25.22,132.13,300.79,413.18
3951,20250525_212541_819,Good-Seed,0.912,23.61,142.53,301.16,425.86
3954,20250525_212542_012,Good-Seed,0.918,17.55,125.34,287.44,405.9
3957,20250525_212542_189,Good-Seed,0.906,16.95,131.03,293.24,412.97
3960,20250525_212542_363,Good-Seed,0.907,18.06,129.57,294.02,409.64
3963,20250525_212542_556,Good-Seed,0.898,17.85,129.26,293.2,407.56
3966,20250525_212542_733,Good-Seed,0.924,14.55,119.48,288.9,399.4
3969,20250525_212542_909,Good-Seed,0.918,14.12,115.78,287.87,394.94
3972,20250525_212543_082,Good-Seed,0.873,10.97,123.42,288.7,403.9
3975,20250525_212543_278,Good-Seed,0.891,13.0,122.67,291.21,403.75
3978,20250525_212543_453,Good-Seed,0.834,17.99,123.87,292.66,403.71
3981,20250525_212543_631,Good-Seed,0.91,26.34,126.55,300.13,406.5
3984,20250525_212543_821,Good-Seed,0.881,21.49,129.04,295.98,407.47
3987,20250525_212543_999,Good-Seed,0.91,21.81,123.29,294.81,403.07
3990,20250525_212544_172,Good-Seed,0.9,21.71,134.32,298.96,416.87
3993,20250525_212544_351,Good-Seed,0.894,22.26,105.36,296.7,381.98
3996,20250525_212544_541,Good-Seed,0.932,13.75,114.38,288.18,394.33
3999,20250525_212544_719,Good-Seed,0.921,0.23,126.61,276.56,407.55
4002,20250525_212544_894,Good-Seed,0.908,4.61,118.2,281.14,395.89
4005,20250525_212545_087,Good-Seed,0.753,1.03,129.83,280.62,412.17
4005,20250525_212545_087,Bad-Seed,0.561,3.07,130.66,279.92,413.18
4008,20250525_212545_259,Good-Seed,0.869,0.86,131.26,280.77,413.6
4011,20250525_212545_440,Good-Seed,0.892,0.1,134.41,272.29,418.11
4014,20250525_212545_630,Good-Seed,0.904,3.4,142.25,284.47,424.37
4017,20250525_212545_802,Good-Seed,0.903,12.25,139.64,286.62,417.82
4020,20250525_212545_979,Good-Seed,0.897,11.06,138.23,283.53,414.38
4023,20250525_212546_155,Good-Seed,0.869,7.65,138.4,283.53,414.79
4026,20250525_212546_351,Good-Seed,0.929,4.01,121.79,278.18,396.91
4029,20250525_212546_526,Good-Seed,0.931,0.77,114.98,273.38,393.98
4032,20250525_212546_704,Good-Seed,0.911,3.91,118.51,279.28,396.55
4035,20250525_212546_895,Good-Seed,0.927,0.59,114.27,272.23,391.11
4038,20250525_212547_065,Good-Seed,0.92,1.99,114.19,273.25,391.28
4041,20250525_212547_248,Good-Seed,0.915,0.12,121.29,273.89,399.69
4044,20250525_212547_423,Good-Seed,0.909,0.19,122.2,273.29,398.24
4047,20250525_212547_611,Good-Seed,0.891,0.0,126.08,266.9,404.42
4050,20250525_212547_785,Good-Seed,0.863,0.0,141.55,250.68,430.59
4053,20250525_212547_962,Good-Seed,0.617,0.0,172.32,228.3,460.2
4056,20250525_212548_155,Good-Seed,0.762,0.0,139.09,265.85,418.17
4059,20250525_212548_331,Good-Seed,0.903,6.79,120.26,290.26,405.9
4062,20250525_212548_508,Good-Seed,0.911,19.83,115.86,295.59,399.35
4065,20250525_212548_683,Good-Seed,0.91,35.01,113.8,307.46,395.47
4068,20250525_212548_879,Good-Seed,0.903,43.85,110.84,313.88,390.52
4071,20250525_212549_056,Good-Seed,0.911,42.84,94.23,311.26,372.41
4074,20250525_212549_227,Good-Seed,0.92,39.65,97.77,308.71,379.05
4077,20250525_212549_421,Good-Seed,0.913,37.09,99.24,306.77,379.3
4080,20250525_212549_597,Good-Seed,0.873,36.75,102.76,308.51,384.02
4083,20250525_212549_772,Good-Seed,0.806,37.93,104.29,309.29,385.78
4086,20250525_212549_962,Good-Seed,0.911,43.48,112.23,312.74,392.35
4089,20250525_212550_141,Good-Seed,0.921,34.7,113.03,306.67,393.39
4092,20250525_212550_316,Good-Seed,0.933,33.73,114.62,302.14,394.12
4095,20250525_212550_485,Good-Seed,0.925,30.93,116.33,300.69,395.74
4098,20250525_212550_686,Good-Seed,0.928,35.45,117.43,303.95,395.9
4101,20250525_212550_854,Good-Seed,0.912,33.75,124.57,304.27,403.21
4104,20250525_212551_035,Good-Seed,0.921,34.83,122.17,303.61,401.08
4107,20250525_212551_225,Good-Seed,0.918,40.08,112.47,306.94,389.09
4110,20250525_212551_401,Good-Seed,0.92,37.02,102.84,305.36,380.23
4113,20250525_212551_579,Good-Seed,0.926,32.91,97.91,301.09,374.45
4116,20250525_212551_751,Good-Seed,0.888,22.6,98.66,296.96,377.1
4119,20250525_212551_949,Good-Seed,0.914,16.75,94.41,287.1,372.31
4122,20250525_212552_125,Good-Seed,0.894,16.62,105.84,290.04,391.05
4125,20250525_212552_300,Good-Seed,0.646,13.28,90.33,290.08,368.11
4125,20250525_212552_300,Bad-Seed,0.535,13.24,90.81,288.34,367.88
4128,20250525_212552_491,Good-Seed,0.9,3.75,84.17,278.45,371.9
4131,20250525_212552_668,Good-Seed,0.905,6.33,94.72,283.97,374.8
4134,20250525_212552_844,Good-Seed,0.909,0.0,95.8,269.27,376.49
4137,20250525_212553_018,Good-Seed,0.906,0.46,108.17,275.22,393.48
4140,20250525_212553_216,Good-Seed,0.907,0.0,100.0,267.75,382.44
4143,20250525_212553_390,Good-Seed,0.916,0.14,104.16,270.02,385.63
4146,20250525_212553_564,Good-Seed,0.885,0.21,110.65,270.41,394.66
4149,20250525_212553_758,Good-Seed,0.939,0.2,116.18,270.69,392.7
4152,20250525_212553_933,Good-Seed,0.914,0.0,120.39,268.95,398.03
4155,20250525_212554_103,Good-Seed,0.926,0.04,120.85,267.48,396.85
4158,20250525_212554_299,Good-Seed,0.9,0.04,114.48,267.31,390.95
4161,20250525_212554_477,Good-Seed,0.93,0.24,112.91,265.48,389.17
4164,20250525_212554_652,Good-Seed,0.917,0.0,109.29,260.34,383.07
4167,20250525_212554_828,Good-Seed,0.923,0.14,109.14,261.31,387.86
4170,20250525_212555_019,Good-Seed,0.91,0.0,107.03,261.03,383.8
4173,20250525_212555_195,Good-Seed,0.917,0.0,106.01,261.19,381.51
4176,20250525_212555_374,Good-Seed,0.918,0.0,104.54,260.87,380.82
4179,20250525_212555_558,Good-Seed,0.904,0.0,105.96,259.16,383.97
4182,20250525_212555_742,Good-Seed,0.892,0.23,111.05,266.65,391.88
4185,20250525_212555_919,Good-Seed,0.927,0.0,116.85,267.72,392.25
4188,20250525_212556_094,Good-Seed,0.912,0.0,124.12,267.87,401.94
4191,20250525_212556_284,Good-Seed,0.918,0.0,123.44,268.53,399.07
4194,20250525_212556_459,Good-Seed,0.908,0.05,127.21,268.38,403.15
4197,20250525_212556_635,Good-Seed,0.899,10.74,124.82,279.69,399.55
4200,20250525_212556_830,Good-Seed,0.905,18.52,130.44,286.81,404.3
4203,20250525_212557_002,Good-Seed,0.922,26.13,122.97,290.72,396.11
4206,20250525_212557_176,Good-Seed,0.926,22.89,119.13,286.15,392.3
4209,20250525_212557_360,Good-Seed,0.932,19.24,118.53,286.78,389.45
4212,20250525_212557_551,Good-Seed,0.924,5.0,111.43,273.74,383.58
4215,20250525_212557_729,Good-Seed,0.913,4.9,113.67,277.86,390.79
4218,20250525_212557_902,Good-Seed,0.928,4.15,113.3,274.39,388.62
4221,20250525_212558_092,Good-Seed,0.913,11.87,111.74,279.08,385.44
4224,20250525_212558_265,Good-Seed,0.923,14.69,115.93,278.93,387.46
4227,20250525_212558_444,Good-Seed,0.927,15.64,117.64,283.41,390.23
4230,20250525_212558_640,Good-Seed,0.926,14.46,121.45,281.95,393.78
4233,20250525_212558_810,Good-Seed,0.93,12.77,119.43,280.35,392.3
4236,20250525_212558_988,Good-Seed,0.91,7.5,110.39,275.64,381.82
4239,20250525_212559_162,Good-Seed,0.919,0.36,109.26,269.45,387.69
4242,20250525_212559_357,Good-Seed,0.927,0.11,122.22,266.99,400.46
4245,20250525_212559_531,Good-Seed,0.926,1.82,125.14,274.18,401.04
4248,20250525_212559_710,Good-Seed,0.908,6.96,135.26,280.9,413.7
4251,20250525_212559_894,Good-Seed,0.906,11.0,139.36,284.25,415.19
4254,20250525_212600_074,Good-Seed,0.937,1.46,147.66,275.07,426.37
4257,20250525_212600_252,Good-Seed,0.924,3.73,150.6,279.03,429.79
4260,20250525_212600_428,Good-Seed,0.919,0.4,147.87,274.61,422.62
4263,20250525_212600_622,Good-Seed,0.919,0.11,138.53,270.88,416.54
4266,20250525_212600_797,Good-Seed,0.93,0.0,135.69,268.16,414.87
4269,20250525_212600_972,Good-Seed,0.926,0.0,134.02,265.05,419.12
4272,20250525_212601_166,Good-Seed,0.916,0.0,138.84,265.09,424.9
4275,20250525_212601_343,Good-Seed,0.918,0.0,134.92,265.7,415.36
4278,20250525_212601_517,Good-Seed,0.676,0.0,139.08,262.97,421.09
4281,20250525_212601_691,Good-Seed,0.592,0.0,146.2,261.04,429.91
4281,20250525_212601_691,Bad-Seed,0.505,0.2,145.25,260.33,431.55
4284,20250525_212601_881,Good-Seed,0.877,0.0,152.49,262.83,435.93
4287,20250525_212602_061,Good-Seed,0.925,0.0,150.33,255.61,436.04
4290,20250525_212602_238,Good-Seed,0.943,0.11,149.74,251.23,433.95
4293,20250525_212602_423,Good-Seed,0.923,0.0,159.58,252.31,441.98
4296,20250525_212602_606,Good-Seed,0.916,0.0,148.8,251.69,428.48
4299,20250525_212602_780,Good-Seed,0.926,0.0,139.61,253.74,417.15
4302,20250525_212602_974,Good-Seed,0.918,0.0,141.68,258.87,420.17
4305,20250525_212603_147,Good-Seed,0.905,0.0,133.76,254.65,407.5
4308,20250525_212603_324,Good-Seed,0.887,0.0,128.45,245.22,405.26
4311,20250525_212603_500,Good-Seed,0.657,0.0,119.21,246.95,398.97
4314,20250525_212603_693,Good-Seed,0.617,0.0,120.14,247.47,400.14
4317,20250525_212603_866,Good-Seed,0.907,0.0,120.62,250.05,400.38
4320,20250525_212604_040,Good-Seed,0.874,0.0,130.99,237.48,412.43
4323,20250525_212604_235,Good-Seed,0.692,0.01,137.42,223.43,422.17
4326,20250525_212604_412,Good-Seed,0.85,0.0,131.23,242.38,410.22
4329,20250525_212604_589,Good-Seed,0.929,0.0,118.35,257.81,397.52
4332,20250525_212604_764,Good-Seed,0.92,0.0,103.83,262.47,388.78
4335,20250525_212604_956,Good-Seed,0.928,0.01,101.95,269.18,387.13
4338,20250525_212605_130,Good-Seed,0.926,2.4,96.1,281.75,379.01
4341,20250525_212605_308,Good-Seed,0.924,19.87,94.4,297.26,378.74
4344,20250525_212605_502,Good-Seed,0.931,28.95,90.78,302.96,371.81
4347,20250525_212605_676,Good-Seed,0.93,35.82,87.95,308.84,370.85
4350,20250525_212605_852,Good-Seed,0.939,31.41,82.39,306.71,365.28
4353,20250525_212606_029,Good-Seed,0.923,25.34,77.17,300.53,362.87
4356,20250525_212606_221,Good-Seed,0.919,20.09,75.06,297.23,361.12
4359,20250525_212606_397,Good-Seed,0.932,18.74,76.63,296.46,362.33
4362,20250525_212606_570,Good-Seed,0.926,18.61,80.64,296.86,365.71
4365,20250525_212606_764,Good-Seed,0.907,18.41,81.4,297.91,366.8
4368,20250525_212606_943,Good-Seed,0.921,19.04,82.91,297.34,368.61
4371,20250525_212607_117,Good-Seed,0.881,18.3,91.1,297.1,376.04
4374,20250525_212607_311,Good-Seed,0.926,24.06,106.54,300.3,390.66
4377,20250525_212607_479,Good-Seed,0.924,22.97,100.72,300.44,386.76
4380,20250525_212607_660,Good-Seed,0.914,19.02,94.01,297.12,379.1
4383,20250525_212607_835,Good-Seed,0.922,20.72,91.52,298.83,376.17
4386,20250525_212608_029,Good-Seed,0.923,18.34,92.86,296.05,378.23
4389,20250525_212608_202,Good-Seed,0.929,27.43,77.71,301.06,361.58
4392,20250525_212608_377,Good-Seed,0.93,20.92,79.85,299.23,364.43
4395,20250525_212608_572,Good-Seed,0.929,22.07,75.9,299.37,363.57
4398,20250525_212608_746,Good-Seed,0.929,27.86,83.9,303.63,368.66
4401,20250525_212608_926,Good-Seed,0.918,5.26,84.42,295.3,372.26
4404,20250525_212609_100,Good-Seed,0.918,17.66,82.84,299.63,368.56
4407,20250525_212609_292,Good-Seed,0.923,34.4,95.5,314.08,388.12
4410,20250525_212609_466,Good-Seed,0.916,35.96,101.63,316.33,391.11
4413,20250525_212609_647,Good-Seed,0.921,36.48,98.1,317.69,388.38
4416,20250525_212609_841,Good-Seed,0.925,28.44,95.3,309.86,383.93
4419,20250525_212610_015,Good-Seed,0.921,25.7,105.54,310.89,398.93
4422,20250525_212610_190,Good-Seed,0.874,20.93,122.99,308.83,420.31
4425,20250525_212610_364,Good-Seed,0.925,28.27,144.38,316.09,435.83
4428,20250525_212610_553,Good-Seed,0.934,31.5,139.66,315.39,432.16
4431,20250525_212610_732,Good-Seed,0.926,35.23,127.87,318.33,419.31
4434,20250525_212610_907,Good-Seed,0.908,33.2,129.72,318.67,426.15
4437,20250525_212611_101,Good-Seed,0.936,30.86,138.44,317.2,434.57
4440,20250525_212611_278,Bad-Seed,0.644,43.73,152.44,331.12,452.74
4440,20250525_212611_278,Good-Seed,0.588,45.66,152.81,331.38,450.81
4443,20250525_212611_454,Good-Seed,0.919,33.64,163.31,321.57,459.66
4446,20250525_212611_646,Good-Seed,0.924,31.27,170.26,318.37,466.4
4449,20250525_212611_824,Good-Seed,0.921,26.24,176.77,314.93,475.79
4452,20250525_212611_989,Good-Seed,0.86,20.7,183.03,313.13,479.59
4455,20250525_212612_172,Good-Seed,0.86,19.94,182.41,310.93,480.0
4458,20250525_212612_364,Bad-Seed,0.757,18.65,195.0,315.33,480.0
4461,20250525_212612_541,Good-Seed,0.653,25.6,209.5,321.18,480.0
4461,20250525_212612_541,Bad-Seed,0.513,26.25,209.41,319.64,480.0
4464,20250525_212612_714,Bad-Seed,0.832,37.96,205.57,331.69,480.0
4467,20250525_212612_902,Good-Seed,0.774,34.49,190.53,326.61,480.0
4470,20250525_212613_080,Bad-Seed,0.888,1.11,156.6,302.38,459.25
4473,20250525_212613_262,Good-Seed,0.929,0.35,129.07,286.66,430.5
4476,20250525_212613_437,Good-Seed,0.933,0.21,115.22,284.04,416.19
4479,20250525_212613_630,Good-Seed,0.84,3.83,102.7,299.12,401.06
4482,20250525_212613_799,Good-Seed,0.905,25.04,83.92,311.94,378.39
4485,20250525_212613_981,Good-Seed,0.917,4.28,78.99,296.79,372.9
4488,20250525_212614_169,Good-Seed,0.665,1.32,86.62,297.67,392.24
4488,20250525_212614_169,Bad-Seed,0.639,3.71,87.04,295.45,393.76
4491,20250525_212614_351,Good-Seed,0.928,2.92,104.08,299.72,406.96
4494,20250525_212614_523,Good-Seed,0.93,1.64,102.23,299.54,412.21
4497,20250525_212614_699,Good-Seed,0.874,10.26,127.1,306.79,435.09
4500,20250525_212614_892,Good-Seed,0.739,25.37,132.92,317.43,435.85
4500,20250525_212614_892,Bad-Seed,0.507,25.08,133.11,316.38,435.38
4503,20250525_212615_065,Good-Seed,0.879,16.23,138.61,308.76,437.8
4506,20250525_212615_235,Good-Seed,0.891,14.22,136.95,302.7,435.8
4509,20250525_212615_435,Good-Seed,0.899,37.98,121.85,321.93,417.96
4512,20250525_212615_614,Good-Seed,0.907,49.45,120.61,330.22,414.45
4515,20250525_212615_789,Good-Seed,0.934,44.88,107.53,325.58,402.18
4518,20250525_212615_982,Good-Seed,0.913,36.82,105.26,323.94,402.64
4521,20250525_212616_155,Good-Seed,0.924,32.45,103.58,318.23,401.01
4524,20250525_212616_325,Good-Seed,0.932,34.3,105.99,320.0,405.1
4527,20250525_212616_509,Good-Seed,0.925,30.65,105.21,316.63,403.22
4530,20250525_212616_702,Bad-Seed,0.861,42.98,109.78,329.61,414.17
4533,20250525_212616_877,Good-Seed,0.915,66.33,137.77,354.77,438.36
4536,20250525_212617_055,Good-Seed,0.888,68.06,126.13,355.98,425.79
4539,20250525_212617_249,Good-Seed,0.894,62.34,125.98,349.99,427.78
4542,20250525_212617_419,Good-Seed,0.888,60.9,122.49,347.37,425.39
4545,20250525_212617_600,Good-Seed,0.899,66.13,119.44,355.25,422.65
4548,20250525_212617_773,Good-Seed,0.91,62.2,125.41,354.22,433.76
4551,20250525_212617_965,Good-Seed,0.869,60.81,130.81,355.29,440.8
4554,20250525_212618_141,Good-Seed,0.774,73.13,128.45,364.49,436.02
4557,20250525_212618_316,Bad-Seed,0.567,72.98,113.95,366.14,426.31
4557,20250525_212618_316,Good-Seed,0.542,71.43,114.3,365.87,424.92
4560,20250525_212618_508,Good-Seed,0.895,74.76,115.01,365.75,425.73
4563,20250525_212618_687,Good-Seed,0.859,79.18,111.57,371.59,422.06
4566,20250525_212618_861,Bad-Seed,0.78,76.76,114.24,371.56,427.41
4569,20250525_212619_035,Bad-Seed,0.737,76.74,115.2,372.96,427.73
4569,20250525_212619_035,Good-Seed,0.542,78.96,115.32,373.56,426.39
4572,20250525_212619_227,Bad-Seed,0.89,83.08,120.71,378.8,431.37
4575,20250525_212619_407,Bad-Seed,0.853,80.95,117.39,376.19,427.29
4578,20250525_212619_580,Good-Seed,0.794,73.76,114.64,365.88,426.02
4581,20250525_212619_774,Good-Seed,0.897,65.78,114.01,362.38,425.26
4584,20250525_212619_949,Good-Seed,0.859,66.76,113.66,363.39,423.13
4587,20250525_212620_120,Good-Seed,0.64,73.27,114.8,364.0,423.21
4587,20250525_212620_120,Bad-Seed,0.453,74.1,115.34,364.06,424.03
4590,20250525_212620_317,Good-Seed,0.806,75.02,115.56,363.17,422.38
4593,20250525_212620_488,Good-Seed,0.778,76.05,115.8,364.39,423.23
4593,20250525_212620_488,Bad-Seed,0.376,75.3,115.45,364.82,425.15
4596,20250525_212620_669,Good-Seed,0.891,77.71,115.1,363.92,420.52
4599,20250525_212620_847,Good-Seed,0.829,73.95,112.48,363.33,417.75
4602,20250525_212621_037,Good-Seed,0.895,68.32,107.01,361.03,414.57
4605,20250525_212621_212,Good-Seed,0.818,66.58,110.65,363.17,419.23
4608,20250525_212621_390,Good-Seed,0.675,69.94,110.01,364.11,417.18
4608,20250525_212621_390,Bad-Seed,0.464,69.89,109.69,363.08,417.56
4611,20250525_212621_583,Bad-Seed,0.702,71.39,112.26,361.88,419.91
4611,20250525_212621_583,Good-Seed,0.552,69.28,112.24,363.24,419.63
4614,20250525_212621_761,Bad-Seed,0.647,69.22,113.4,362.12,424.52
4614,20250525_212621_761,Good-Seed,0.503,66.63,113.51,363.53,423.68
4617,20250525_212621_933,Good-Seed,0.877,68.7,116.68,363.54,425.26
4620,20250525_212622_102,Good-Seed,0.677,78.03,122.21,368.9,430.92
4620,20250525_212622_102,Bad-Seed,0.615,76.52,122.51,369.24,431.54
4623,20250525_212622_302,Good-Seed,0.638,81.57,123.97,370.57,431.46
4623,20250525_212622_302,Bad-Seed,0.603,78.37,124.68,370.41,432.12
4626,20250525_212622_473,Bad-Seed,0.855,77.16,124.55,371.59,431.98
4629,20250525_212622_653,Good-Seed,0.752,78.23,126.96,369.21,434.08
4629,20250525_212622_653,Bad-Seed,0.489,76.49,127.96,369.51,434.31
4632,20250525_212622_847,Good-Seed,0.691,82.55,129.29,373.69,438.22
4632,20250525_212622_847,Bad-Seed,0.654,79.24,130.0,373.16,438.68
4635,20250525_212623_017,Bad-Seed,0.783,77.07,131.61,371.28,438.65
4635,20250525_212623_017,Good-Seed,0.485,79.48,130.67,371.4,437.84
4638,20250525_212623_197,Bad-Seed,0.809,77.91,127.46,370.6,433.36
4638,20250525_212623_197,Good-Seed,0.456,80.83,126.49,370.82,432.91
4641,20250525_212623_374,Bad-Seed,0.875,77.85,130.56,372.06,437.89
4644,20250525_212623_572,Bad-Seed,0.889,76.99,125.32,371.06,432.16
4647,20250525_212623_740,Good-Seed,0.719,79.52,124.22,369.31,431.75
4647,20250525_212623_740,Bad-Seed,0.575,77.19,124.98,369.45,432.24
4650,20250525_212623_915,Bad-Seed,0.869,70.61,123.6,362.76,430.83
4653,20250525_212624_105,Good-Seed,0.884,82.19,137.77,368.72,451.3
4656,20250525_212624_286,Good-Seed,0.868,67.19,148.27,363.7,459.23
4659,20250525_212624_462,Good-Seed,0.839,60.27,154.42,356.88,467.29
4662,20250525_212624_654,Good-Seed,0.847,58.23,151.06,354.76,464.23
4665,20250525_212624_821,Good-Seed,0.853,63.62,157.75,362.08,472.32
4668,20250525_212625_003,Good-Seed,0.885,74.67,156.21,364.16,465.41
4671,20250525_212625_180,Good-Seed,0.909,73.46,153.15,363.53,459.58
4674,20250525_212625_374,Good-Seed,0.925,75.99,139.31,364.39,445.22
4677,20250525_212625_548,Good-Seed,0.89,69.29,129.62,359.03,435.07
4680,20250525_212625_723,Good-Seed,0.903,63.52,120.93,352.67,427.18
4683,20250525_212625_915,Good-Seed,0.912,60.85,115.49,349.92,424.4
4686,20250525_212626_095,Good-Seed,0.885,62.26,113.84,351.92,421.18
4689,20250525_212626_268,Bad-Seed,0.768,59.31,113.68,349.06,422.87
4689,20250525_212626_268,Good-Seed,0.434,59.93,113.43,350.09,421.51
4692,20250525_212626_445,Good-Seed,0.837,62.34,118.87,351.36,427.71
4695,20250525_212626_637,Bad-Seed,0.792,62.35,123.4,349.98,431.04
4698,20250525_212626_815,Bad-Seed,0.705,68.51,124.01,354.93,432.23
4698,20250525_212626_815,Good-Seed,0.448,66.64,123.04,357.45,432.05
4701,20250525_212626_991,Bad-Seed,0.892,59.22,115.01,347.43,422.37
4704,20250525_212627_180,Good-Seed,0.724,63.6,107.13,353.91,421.61
4704,20250525_212627_180,Bad-Seed,0.498,64.41,107.68,352.15,422.31
4707,20250525_212627_360,Good-Seed,0.683,59.82,106.88,345.9,413.08
4707,20250525_212627_360,Bad-Seed,0.617,59.3,107.46,345.5,413.93
4710,20250525_212627_528,Good-Seed,0.809,61.21,109.71,347.24,419.63
4713,20250525_212627_709,Bad-Seed,0.639,66.26,113.51,352.16,422.52
4713,20250525_212627_709,Good-Seed,0.568,64.81,113.51,354.23,421.39
4716,20250525_212627_902,Good-Seed,0.689,63.55,114.39,350.1,422.73
4716,20250525_212627_902,Bad-Seed,0.404,63.97,114.43,349.5,423.5
4719,20250525_212628_075,Bad-Seed,0.591,65.24,113.14,351.69,423.92
4719,20250525_212628_075,Good-Seed,0.575,64.34,113.07,353.14,423.34
4722,20250525_212628_253,Bad-Seed,0.88,56.4,102.73,343.8,412.02
4725,20250525_212628_440,Bad-Seed,0.671,55.33,101.92,339.57,411.1
4725,20250525_212628_440,Good-Seed,0.326,54.62,102.52,340.26,409.07
4728,20250525_212628_621,Bad-Seed,0.9,50.43,94.68,335.95,402.93
4731,20250525_212628_799,Bad-Seed,0.877,55.1,94.39,340.2,403.38
4734,20250525_212628_990,Good-Seed,0.83,54.56,100.74,339.7,410.28
4737,20250525_212629_163,Bad-Seed,0.796,55.23,104.93,341.95,417.21
4740,20250525_212629_343,Good-Seed,0.683,59.58,106.72,345.22,417.17
4740,20250525_212629_343,Bad-Seed,0.618,58.43,107.29,344.63,418.56
4743,20250525_212629_512,Good-Seed,0.842,59.43,109.74,342.95,419.75
4746,20250525_212629_708,Good-Seed,0.87,57.58,109.47,341.29,419.25
4749,20250525_212629_884,Bad-Seed,0.885,59.18,111.91,344.83,424.23
4752,20250525_212630_060,Good-Seed,0.71,63.51,117.6,347.68,425.96
4752,20250525_212630_060,Bad-Seed,0.554,63.45,117.66,346.99,426.5
4755,20250525_212630_255,Good-Seed,0.865,68.17,116.53,352.22,423.87
4758,20250525_212630_428,Good-Seed,0.842,68.63,116.39,349.85,422.66
4761,20250525_212630_604,Good-Seed,0.714,62.46,116.82,348.0,425.08
4761,20250525_212630_604,Bad-Seed,0.519,62.13,116.91,347.11,425.63
4764,20250525_212630_782,Good-Seed,0.718,60.65,112.72,344.32,417.35
4764,20250525_212630_782,Bad-Seed,0.591,59.9,112.9,343.62,418.89
4767,20250525_212630_971,Good-Seed,0.874,59.9,107.59,340.13,413.22
4770,20250525_212631_149,Good-Seed,0.81,59.72,104.11,340.14,410.99
4773,20250525_212631_320,Good-Seed,0.687,57.26,106.58,338.48,414.21
4773,20250525_212631_320,Bad-Seed,0.457,57.01,106.87,338.3,416.09
4776,20250525_212631_518,Good-Seed,0.811,60.16,111.83,341.94,420.38
4779,20250525_212631_694,Good-Seed,0.657,57.08,113.6,340.6,422.78
4779,20250525_212631_694,Bad-Seed,0.645,56.12,113.84,340.21,423.67
4782,20250525_212631_866,Bad-Seed,0.699,56.49,113.64,339.13,423.81
4782,20250525_212631_866,Good-Seed,0.442,56.79,113.3,339.83,422.52
4785,20250525_212632_043,Bad-Seed,0.823,56.67,114.32,340.29,425.66
4788,20250525_212632_239,Good-Seed,0.795,60.0,121.85,341.71,430.56
4791,20250525_212632_412,Good-Seed,0.692,62.82,120.25,345.98,427.6
4791,20250525_212632_412,Bad-Seed,0.528,61.84,120.84,344.91,428.23
4794,20250525_212632_587,Bad-Seed,0.694,60.8,121.74,344.15,428.45
4794,20250525_212632_587,Good-Seed,0.563,62.13,120.99,344.96,427.78
4797,20250525_212632_781,Bad-Seed,0.695,62.61,118.83,345.13,426.18
4800,20250525_212632_954,Good-Seed,0.74,62.2,118.24,344.35,424.63
4800,20250525_212632_954,Bad-Seed,0.501,62.23,118.19,343.77,425.2
4803,20250525_212633_133,Good-Seed,0.685,52.84,110.85,332.66,411.48
4803,20250525_212633_133,Bad-Seed,0.47,52.43,110.69,333.34,412.64
4806,20250525_212633_327,Bad-Seed,0.794,40.5,106.41,318.45,404.61
4809,20250525_212633_498,Good-Seed,0.914,12.16,83.24,289.99,382.08
4812,20250525_212633_678,Good-Seed,0.911,14.66,78.14,286.91,372.89
4815,20250525_212633_852,Good-Seed,0.839,0.37,81.44,274.01,374.37
4818,20250525_212634_043,Good-Seed,0.906,0.13,82.76,269.79,375.79
4821,20250525_212634_223,Good-Seed,0.924,0.09,87.21,267.65,381.14
4824,20250525_212634_395,Good-Seed,0.908,1.06,94.83,269.88,386.95
4827,20250525_212634_588,Good-Seed,0.889,5.07,96.4,271.85,383.55
4830,20250525_212634_765,Good-Seed,0.901,16.62,103.24,279.78,389.24
4833,20250525_212634_940,Good-Seed,0.909,18.81,105.92,282.38,394.3
4836,20250525_212635_116,Good-Seed,0.901,15.98,108.21,281.57,397.99
4839,20250525_212635_306,Good-Seed,0.905,18.03,108.39,280.77,395.68
4842,20250525_212635_483,Good-Seed,0.928,16.29,111.76,280.64,399.5
4845,20250525_212635_661,Good-Seed,0.915,18.44,105.98,282.21,394.65
4848,20250525_212635_855,Good-Seed,0.921,7.6,108.63,276.6,399.71
4851,20250525_212636_028,Good-Seed,0.918,20.95,104.09,285.55,394.62
4854,20250525_212636_204,Good-Seed,0.916,16.9,103.6,283.12,395.37
4857,20250525_212636_376,Good-Seed,0.923,21.67,110.08,289.14,401.56
4860,20250525_212636_575,Good-Seed,0.914,13.51,114.14,284.57,405.87
4863,20250525_212636_749,Good-Seed,0.911,24.51,115.87,290.46,407.96
4866,20250525_212636_918,Good-Seed,0.926,24.97,116.65,288.66,407.54
4869,20250525_212637_117,Good-Seed,0.915,24.52,118.58,288.97,409.48
4872,20250525_212637_291,Good-Seed,0.917,19.09,117.67,286.28,411.04
4875,20250525_212637_471,Good-Seed,0.899,15.11,121.68,284.84,416.94
4878,20250525_212637_655,Good-Seed,0.913,19.55,124.88,288.07,418.34
4881,20250525_212637_837,Good-Seed,0.914,17.94,121.76,284.88,413.18
4884,20250525_212638_012,Good-Seed,0.916,11.45,119.29,280.19,410.19
4887,20250525_212638_191,Good-Seed,0.914,11.93,117.23,283.01,409.43
4890,20250525_212638_371,Good-Seed,0.911,10.27,123.73,280.85,418.67
4893,20250525_212638_556,Good-Seed,0.916,10.36,116.56,280.69,408.95
4896,20250525_212638_732,Good-Seed,0.917,12.14,122.16,281.98,416.15
4899,20250525_212638_923,Good-Seed,0.902,9.68,122.34,280.45,416.46
4902,20250525_212639_100,Good-Seed,0.907,13.15,127.69,282.55,422.48
4905,20250525_212639_278,Good-Seed,0.919,11.51,122.39,279.54,413.44
4908,20250525_212639_448,Good-Seed,0.915,11.26,120.54,280.25,412.96
4911,20250525_212639_644,Good-Seed,0.91,10.85,122.73,279.49,416.96
4914,20250525_212639_823,Good-Seed,0.914,9.87,123.82,278.59,418.28
4917,20250525_212639_998,Good-Seed,0.913,16.54,127.28,282.98,419.81
4920,20250525_212640_190,Good-Seed,0.907,10.37,124.06,277.26,415.36
4923,20250525_212640_365,Good-Seed,0.909,12.73,123.33,280.49,419.04
4926,20250525_212640_543,Good-Seed,0.912,11.15,121.59,280.46,414.4
4929,20250525_212640_711,Good-Seed,0.909,14.46,121.7,282.82,416.06
4932,20250525_212640_910,Good-Seed,0.915,15.92,121.08,284.78,414.38
4935,20250525_212641_083,Good-Seed,0.908,11.41,121.27,280.58,414.74
4938,20250525_212641_260,Good-Seed,0.917,11.45,124.53,280.9,419.42
4941,20250525_212641_451,Good-Seed,0.904,11.16,125.13,280.73,418.99
4944,20250525_212641_624,Good-Seed,0.877,12.28,128.3,282.64,423.89
4947,20250525_212641_805,Good-Seed,0.909,10.35,131.39,279.67,425.31
4950,20250525_212641_995,Good-Seed,0.91,3.9,132.79,276.54,426.91
4953,20250525_212642_172,Good-Seed,0.896,8.64,136.73,279.93,431.24
4956,20250525_212642_348,Good-Seed,0.902,18.02,137.35,286.7,428.39
4959,20250525_212642_525,Good-Seed,0.91,28.01,136.1,291.65,427.06
4962,20250525_212642_711,Good-Seed,0.923,26.92,136.95,290.85,427.39
4965,20250525_212642_893,Good-Seed,0.913,27.62,139.94,293.5,430.87
4968,20250525_212643_067,Good-Seed,0.906,26.23,137.58,289.92,427.45
4971,20250525_212643_262,Good-Seed,0.871,20.9,134.89,289.5,425.44
4974,20250525_212643_438,Good-Seed,0.883,12.38,128.04,280.81,418.76
4977,20250525_212643_615,Good-Seed,0.906,11.95,128.89,281.74,422.71
4980,20250525_212643_788,Good-Seed,0.894,10.54,132.69,281.65,426.79
4983,20250525_212643_983,Good-Seed,0.901,18.65,127.8,286.33,420.27
4986,20250525_212644_158,Good-Seed,0.893,3.81,130.17,277.18,425.67
4989,20250525_212644_332,Good-Seed,0.881,16.49,131.64,288.37,426.31
4992,20250525_212644_526,Good-Seed,0.91,0.0,142.92,269.11,438.3
4995,20250525_212644_703,Good-Seed,0.922,0.81,148.72,275.45,445.57
4998,20250525_212644_877,Good-Seed,0.87,0.0,140.42,270.36,435.4
5001,20250525_212645_050,Good-Seed,0.899,0.1,135.29,272.27,431.79
5004,20250525_212645_247,Good-Seed,0.609,0.22,131.98,264.88,429.76
5004,20250525_212645_247,Bad-Seed,0.479,0.26,132.96,265.81,429.96
5007,20250525_212645_423,Good-Seed,0.864,0.0,120.74,264.75,416.23
5010,20250525_212645_591,Good-Seed,0.78,0.0,126.57,263.36,424.31
5013,20250525_212645_788,Good-Seed,0.865,0.0,120.5,255.64,415.19
5016,20250525_212645_964,Good-Seed,0.887,0.0,118.25,253.97,410.97
5019,20250525_212646_135,Good-Seed,0.893,0.0,121.64,255.61,415.23
5022,20250525_212646_333,Good-Seed,0.87,0.0,122.73,252.73,417.8
5025,20250525_212646_502,Good-Seed,0.889,0.0,121.6,253.67,414.59
5028,20250525_212646_684,Good-Seed,0.881,0.0,122.92,251.5,415.89
5031,20250525_212646_861,Good-Seed,0.874,0.0,122.36,245.97,416.26
5034,20250525_212647_053,Bad-Seed,0.623,0.06,124.37,243.48,417.48
5034,20250525_212647_053,Good-Seed,0.56,0.0,124.35,243.52,418.26
5037,20250525_212647_230,Bad-Seed,0.777,0.07,126.6,242.52,420.53
5040,20250525_212647_408,Bad-Seed,0.626,0.08,128.01,241.27,422.48
5040,20250525_212647_408,Good-Seed,0.513,0.0,128.64,240.66,422.76
5043,20250525_212647_598,Good-Seed,0.703,0.0,123.34,239.97,416.5
5046,20250525_212647_774,Bad-Seed,0.664,0.04,126.06,243.74,418.2
5046,20250525_212647_774,Good-Seed,0.475,0.0,125.98,243.93,418.73
5049,20250525_212647_948,Good-Seed,0.829,0.0,125.32,246.94,417.22
5052,20250525_212648_121,Bad-Seed,0.877,0.04,123.2,243.57,412.44
5055,20250525_212648_314,Bad-Seed,0.774,0.05,119.9,238.02,411.74
5058,20250525_212648_495,Bad-Seed,0.73,0.02,120.62,228.38,412.34
5061,20250525_212648_669,Bad-Seed,0.899,0.03,123.11,234.76,414.48
5064,20250525_212648_862,Good-Seed,0.855,0.0,126.74,251.42,417.36
5067,20250525_212649_037,Good-Seed,0.914,9.87,111.19,277.98,400.23
5070,20250525_212649_214,Good-Seed,0.899,15.61,103.64,286.2,395.32
5073,20250525_212649_387,Good-Seed,0.888,21.82,92.68,291.64,385.26
5076,20250525_212649_582,Good-Seed,0.866,30.54,88.73,298.83,378.07
5079,20250525_212649_758,Good-Seed,0.889,39.27,88.49,306.07,379.36
5082,20250525_212649_934,Good-Seed,0.835,39.03,89.15,303.3,376.98
5085,20250525_212650_126,Good-Seed,0.876,28.21,82.61,294.98,370.49
5088,20250525_212650_297,Good-Seed,0.89,29.71,76.65,293.94,365.93
5091,20250525_212650_471,Good-Seed,0.82,23.46,77.89,291.68,365.81
5094,20250525_212650_668,Good-Seed,0.859,34.51,74.44,297.26,362.67
5097,20250525_212650_844,Good-Seed,0.89,28.16,73.9,291.01,361.88
5100,20250525_212651_021,Good-Seed,0.904,28.89,74.29,291.48,362.0
5103,20250525_212651_192,Good-Seed,0.837,23.46,76.34,288.43,364.68
5106,20250525_212651_389,Good-Seed,0.918,25.44,79.42,290.11,366.82
5109,20250525_212651_564,Good-Seed,0.917,22.52,77.59,287.29,363.89
5112,20250525_212651_741,Good-Seed,0.906,21.2,80.91,287.82,368.66
5115,20250525_212651_935,Good-Seed,0.914,15.94,83.91,282.97,371.97
5118,20250525_212652_107,Good-Seed,0.886,5.08,83.65,276.04,375.03
5121,20250525_212652_282,Good-Seed,0.892,5.73,89.05,276.95,381.42
5124,20250525_212652_463,Good-Seed,0.879,5.13,86.16,275.59,374.46
5127,20250525_212652_653,Good-Seed,0.806,13.5,79.95,282.42,367.98
5130,20250525_212652_830,Good-Seed,0.912,17.39,78.7,284.88,365.69
5133,20250525_212653_004,Good-Seed,0.919,15.74,79.43,283.71,367.66
5136,20250525_212653_197,Good-Seed,0.877,18.35,76.95,285.05,366.45
5139,20250525_212653_376,Good-Seed,0.913,15.84,76.58,283.87,365.44
5142,20250525_212653_551,Good-Seed,0.885,9.12,76.27,280.0,366.39
5145,20250525_212653_726,Good-Seed,0.761,4.72,78.08,275.9,370.36
5148,20250525_212653_915,Good-Seed,0.896,8.93,78.1,279.84,368.08
5151,20250525_212654_093,Good-Seed,0.92,8.26,82.06,277.47,371.86
5154,20250525_212654_269,Good-Seed,0.905,2.36,83.69,274.35,374.02
5157,20250525_212654_461,Good-Seed,0.862,4.34,74.73,275.41,363.65
5160,20250525_212654_635,Bad-Seed,0.744,1.36,80.5,272.22,375.87
5163,20250525_212654_815,Good-Seed,0.909,11.26,88.16,283.89,378.78
5166,20250525_212655_008,Good-Seed,0.913,16.58,82.93,286.57,370.73
5169,20250525_212655_180,Good-Seed,0.916,9.91,79.37,284.78,368.99
5172,20250525_212655_355,Good-Seed,0.896,8.06,75.41,283.59,366.8
5175,20250525_212655_534,Good-Seed,0.917,14.31,71.06,284.86,360.46
5178,20250525_212655_726,Good-Seed,0.91,16.97,64.47,285.95,352.5
5181,20250525_212655_900,Good-Seed,0.907,14.04,65.16,283.66,354.72
5184,20250525_212656_069,Good-Seed,0.914,10.01,69.25,282.21,360.21
5187,20250525_212656_268,Good-Seed,0.905,9.61,72.92,281.81,363.81
5190,20250525_212656_446,Good-Seed,0.924,11.44,77.86,283.28,366.86
5193,20250525_212656_621,Good-Seed,0.928,13.77,78.63,283.75,366.55
5196,20250525_212656_795,Good-Seed,0.925,13.95,81.09,284.21,368.44
5199,20250525_212656_989,Good-Seed,0.917,20.85,85.16,288.54,374.19
5202,20250525_212657_165,Good-Seed,0.918,19.2,84.72,287.22,373.19
5205,20250525_212657_339,Good-Seed,0.916,22.32,85.4,290.09,375.44
5208,20250525_212657_533,Good-Seed,0.917,21.31,86.54,289.67,376.29
5211,20250525_212657_707,Good-Seed,0.923,22.13,87.06,291.15,377.25
5214,20250525_212657_886,Good-Seed,0.907,19.75,84.43,291.9,372.85
5217,20250525_212658_061,Good-Seed,0.919,12.1,86.62,285.7,379.64
5220,20250525_212658_250,Good-Seed,0.911,13.55,95.49,289.3,392.62
5223,20250525_212658_432,Good-Seed,0.917,14.14,101.58,290.73,396.12
5226,20250525_212658_604,Good-Seed,0.808,0.71,102.47,282.81,401.63
5226,20250525_212658_604,Bad-Seed,0.427,2.09,102.69,281.75,401.7
5229,20250525_212658_800,Good-Seed,0.78,0.85,103.29,285.65,407.73
5229,20250525_212658_800,Bad-Seed,0.322,2.91,104.34,284.85,408.08
5232,20250525_212658_973,Good-Seed,0.889,3.8,109.67,290.86,412.98
5235,20250525_212659_148,Good-Seed,0.925,1.0,106.9,283.88,411.1
5238,20250525_212659_335,Good-Seed,0.909,11.35,98.76,292.39,399.63
5241,20250525_212659_516,Good-Seed,0.907,5.22,104.26,292.0,405.21
5244,20250525_212659_692,Good-Seed,0.879,0.78,98.86,286.94,406.53
5247,20250525_212659_867,Good-Seed,0.852,0.21,93.98,285.18,402.34
5250,20250525_212700_063,Bad-Seed,0.764,0.0,93.18,276.44,404.18
5253,20250525_212700_232,Good-Seed,0.862,0.14,103.61,287.05,416.05
5256,20250525_212700_409,Bad-Seed,0.86,9.72,120.3,299.9,428.26
5259,20250525_212700_605,Good-Seed,0.702,0.34,141.95,238.48,479.85
5262,20250525_212700_782,Good-Seed,0.657,444.26,0.0,639.84,325.25
5277,20250525_212701_532,Good-Seed,0.27,3.02,0.0,628.8,459.86
5280,20250525_212701_654,Bad-Seed,0.909,278.83,361.11,640.0,480.0
5280,20250525_212701_654,Bad-Seed,0.813,121.11,0.23,621.31,221.55
5280,20250525_212701_654,Bad-Seed,0.259,253.61,0.05,598.67,221.53
5283,20250525_212701_748,Bad-Seed,0.514,241.1,1.49,640.0,430.45
5286,20250525_212701_879,Bad-Seed,0.55,93.89,264.33,409.09,406.67
5289,20250525_212702_021,Bad-Seed,0.327,455.04,0.0,628.29,480.0
5295,20250525_212702_325,Bad-Seed,0.896,0.0,1.12,640.0,272.22
5298,20250525_212702_466,Bad-Seed,0.894,0.0,1.34,640.0,264.07
5301,20250525_212702_631,Bad-Seed,0.67,249.11,0.0,640.0,341.62
5304,20250525_212702_792,Bad-Seed,0.856,22.23,0.48,639.2,245.64
5319,20250525_212703_699,Bad-Seed,0.542,1.28,0.0,550.46,480.0
5322,20250525_212703_881,Bad-Seed,0.723,0.31,0.0,470.87,480.0
5325,20250525_212704_057,Bad-Seed,0.631,1.37,0.0,491.94,480.0
5325,20250525_212704_057,Bad-Seed,0.276,135.21,0.34,640.0,480.0
5328,20250525_212704_252,Bad-Seed,0.782,0.89,0.0,488.79,480.0
5328,20250525_212704_252,Bad-Seed,0.61,178.31,0.0,640.0,480.0
5331,20250525_212704_427,Bad-Seed,0.718,1.43,0.0,485.86,480.0
5331,20250525_212704_427,Bad-Seed,0.52,185.02,0.0,640.0,480.0
